"氏名","氏名（ひらがな）","年齢","生年月日","性別","血液型","メールアドレス","電話番号","携帯電話番号","郵便番号","住所","会社名","クレジットカード","有効期限","マイナンバー"
"大野 徹","おおの とおる",65,"1958年12月07日","男","O","tooru_ono@example.co.jp","03-5186-5405","050-0161-9242","156-6886","東京都新宿区新宿3-5-17","","5469967528795902","08/28","207172414021"
"酒井 知子","さかい ともこ",56,"1967年05月27日","女","A","sakai527@example.org","0869-10-8615","070-2765-7924","713-1481","岡山県岡山市北区東古松1-5-408","紳栄有限会社","5548683746556860","09/24","278970727904"
"品川 亮太","しながわ りょうた",56,"1967年10月16日","男","A","shinagawaryouta@example.org","03-8224-2362","090-4748-6000","170-0082","東京都世田谷区船橋4-1-5","株式会社H＆M","375260858391565","10/28","241066013178"
"真鍋 真也","まなべ しんや",77,"1946年10月01日","男","A","manabeshinya@example.net","03-4442-1891","070-2869-1791","185-0788","東京都墨田区江東橋2-3-5","","5285893503041082","08/28","679974823899"
"福住 剛","ふくずみ つよし",28,"1995年07月17日","男","A","fukuzumi717@example.com","03-6927-9392","070-5325-3333","194-4159","東京都日野市東豊田2-1-14フラット309","合資会社巴屋商店","377858879742621","03/27","760968216087"
"葛原 一宏","くずはら かずひろ",33,"1990年04月15日","男","O","kazuhirokuzuhara@example.jp","03-1641-8016","050-7996-2028","160-9028","東京都文京区本郷3-3-10","","373512397985246","12/25","047660506817"
"佐藤 祥子","さとう しょうこ",76,"1947年11月07日","女","A","satoshouko@example.ne.jp","03-6861-3182","070-1678-8456","143-1530","東京都千代田区飯田橋1-3-7","","5585192865737610","07/27","828903196252"
"木下 未歩","きのした みほ",26,"1997年08月15日","女","A","mihokinoshita@example.co.jp","03-6663-8625","080-2843-8611","198-7733","東京都千代田区麹町1-1-19グランフェルティ613","","3560032823571756","07/26","094034838261"
"鎌田 勝紀","かまた かつき",74,"1949年12月23日","男","A","kamata1223@example.ne.jp","03-6951-1338","090-9897-5492","195-1426","東京都葛飾区金町3-5-507","","377883971778539","01/25","163956721195"
"早川 奈緒","はやかわ なお",72,"1951年11月28日","女","O","hayakawa_nao@example.net","0463-55-3901","070-5433-6331","240-0129","神奈川県横浜市緑区東本郷1-3-6","","4811499997388199","11/24","650860586236"
"玉井 優也","たまい ゆうや",61,"1962年05月10日","男","B","tamai_510@example.org","03-7868-7238","080-5390-8274","143-0516","東京都港区虎ノ門1-1-3フェルティパーク513","","3543718269763319","07/26","427840377834"
"大友 明","おおとも あきら",64,"1959年09月30日","男","O","otomoakira@example.net","049-673-0674","070-7244-2590","361-6832","埼玉県越谷市東大沢3-2-8","","3539775801668840","09/26","494187743144"
"須田 陽子","すだ ようこ",61,"1962年08月29日","女","B","sudayouko@example.jp","0439-15-9248","070-9379-3979","279-4367","千葉県四街道市千代田3-5-19レックスガーデン206","","371340863097169","07/26","286529739010"
"坂井 里紗","さかい りさ",69,"1954年12月13日","女","O","risa_sakai@example.com","0144-65-3372","090-4536-3255","086-6868","北海道札幌市中央区南九条西3-2-9","","5570662682425414","05/27","670924766056"
"山田 聖子","やまだ せいこ",48,"1975年05月10日","女","A","yamadaseiko@example.jp","0436-94-3210","090-8905-8991","291-4347","千葉県八千代市高津東2-2-11","有限会社ハヤカワ","373184240468331","03/24","909303051285"
"木村 省三","きむら せいぞう",45,"1978年12月13日","男","O","kimura_1213@example.net","03-3574-1478","080-1381-6469","200-1940","東京都品川区東大井4-1-8","有限会社清水商店","4532873910760692","02/28","615488397200"
"山下 公美子","やました くみこ",29,"1994年10月18日","女","O","yamashita_1018@example.ne.jp","03-2760-7334","080-1155-6382","152-8718","東京都世田谷区給田3-2-5","株式会社ヤマザキ","3533088184459027","06/27","188536760449"
"中村 洋輔","なかむら ようすけ",51,"1972年08月13日","男","O","yousuke_nakamura@example.jp","0987-60-6183","080-3314-0854","881-7124","宮崎県宮崎市霧島3-3-13パークハウス309","株式会社西村","4338283839079560","02/28","118942417021"
"伊藤 紗英","いとう さえ",20,"2003年09月21日","女","B","ito_sae@example.ne.jp","03-3082-9975","090-7412-8904","188-6902","東京都中央区銀座1-4-19","さくらプラス合同会社","5474578405153702","09/25","886869369371"
"新田 和仁","にった かずひと",52,"1971年01月07日","男","O","nitta_kazuhito@example.co.jp","03-1685-8738","080-3506-5115","125-9911","東京都目黒区上目黒1-2-8","有限会社寿","4780020547421558","02/26","392466416261"
"伊藤 武憲","いとう たけのり",48,"1975年01月02日","男","O","takenoriito@example.jp","0278-39-5683","080-3939-2992","376-6789","群馬県桐生市菱町1-2-8","株式会社シンエイ","4947245867298233","05/27","280850450911"
"柿田 早苗","かきた さなえ",68,"1955年09月04日","女","O","kakita_94@example.org","0256-05-5564","090-7121-2945","953-3816","新潟県長岡市高町2-1-4","","4360546434491716","06/28","668783932700"
"齊藤 宗治","さいとう そうじ",27,"1996年09月28日","男","A","saito928@example.ne.jp","01658-7-0568","050-8582-6978","069-4029","北海道帯広市西十一条南31-3-8","合同会社レガール西田","375446263667844","05/26","258564154692"
"福田 真也","ふくだ しんや",73,"1950年08月10日","その他・不明","A","fukudashinya@example.com","03-7898-5671","050-0420-5901","192-6506","東京都港区高輪4-2-7","","5419833047137755","03/24","798058214088"
"寺田 まゆみ","てらだ まゆみ",33,"1990年08月12日","女","B","teradamayumi@example.jp","0980-95-3593","090-1500-8897","900-6854","沖縄県那覇市古波蔵1-2-18","株式会社プラム","372035720299714","12/25","796353646833"
"日野 純子","ひの じゅんこ",43,"1980年07月18日","女","A","hino_junko@example.jp","03-1283-1471","070-7242-4987","179-5472","東京都墨田区本所4-3-5","合資会社小森商店","4545759201810079","11/28","455372716069"
"永田 宏","ながた ひろし",44,"1979年03月07日","男","A","nagatahiroshi@example.jp","09496-6-2128","080-2461-0778","835-9972","福岡県宗像市自由ヶ丘2-2-3クレアシティ410","株式会社一期一会","5296973182889865","02/24","774064044660"
"青木 友美","あおき ゆみ",62,"1961年11月20日","女","O","aokiyumi@example.org","03-4917-4538","090-4811-1139","151-2607","東京都中野区沼袋3-1-12","","3535581489958295","12/25","804105641895"
"斉藤 朋美","さいとう ともみ",58,"1965年12月18日","女","O","tomomi_saito@example.net","03-7616-6077","070-1867-6483","116-7906","東京都西東京市ひばりが丘北1-1-14ファミーユ104","有限会社亀屋","378727920900810","11/28","901334083176"
"久保田 慶","くぼた けい",39,"1984年11月20日","男","A","kei_kubota@example.ne.jp","06-0543-6059","090-2197-4575","543-8410","大阪府東大阪市日下町1-5-806","株式会社インフィニティ","5122855840451719","11/26","547335671022"
"秋 一幸","あき かずゆき",31,"1992年12月02日","男","A","kazuyukiaki@example.ne.jp","03-0165-3772","050-9513-7077","196-9919","東京都世田谷区砧1-3-8ハイム208","株式会社丸忠","4598291232254958","10/26","788232566902"
"芹沢 ヒロシ","せりざわ ひろし",67,"1956年04月03日","男","B","serizawahiroshi@example.net","03-6692-8345","070-7340-7973","173-6367","東京都大田区東糀谷2-5-4","","3579784235707662","10/28","824258013576"
"仲 宏志","なか ひろし",34,"1989年08月18日","その他・不明","AB","naka_818@example.org","03-9670-5679","070-0979-1159","203-2420","東京都板橋区板橋4-1-6","有限会社クライム","377807651482583","01/26","719184290477"
"水野 美里","みずの みさ",55,"1968年12月04日","女","AB","mizuno_misa@example.net","089-889-7918","050-4372-1753","794-2053","愛媛県今治市東鳥生町1-3-16プレシアス601","有限会社ニーズ","3558559498004675","06/25","082040349452"
"前野 徹","まえの とおる",28,"1995年09月27日","男","O","maenotooru@example.org","03-8063-4801","090-2349-8092","132-3143","東京都中央区日本橋本町3-4-705","有限会社大和工業","3569531336734877","03/24","620574284889"
"安東 しほり","あんどう しおり",41,"1982年09月23日","女","O","andou923@example.com","06-0779-3537","050-0389-8599","577-9090","大阪府東大阪市稲葉2-5-19","桑名食品合資会社","4639299382584398","06/26","936289007860"
"貞包 万里子","さだかね まりこ",31,"1992年04月09日","その他・不明","O","mariko_sadakane@example.jp","0790-94-0697","050-5464-5861","653-9707","兵庫県神戸市中央区北長狭通1-3-1004","合同会社ＢＯＷＴＹ","4013462324074771","05/28","244289794910"
"中島 絵梨","なかじま えり",55,"1968年06月25日","女","O","nakajima_625@example.net","06-5134-9333","080-0954-9103","545-5722","大阪府大阪市北区中之島4-3-8","株式会社ナカジマ","4425939957985805","10/24","965583134358"
"鈴木 智子","すずき ともこ",58,"1965年11月10日","女","AB","suzukitomoko@example.jp","03-0869-1220","090-9492-8036","178-2918","東京都中央区銀座1-1-10","株式会社クライス","4109813564424420","01/25","039306140012"
"宇田 貴洋","うだ たかひろ",41,"1982年01月22日","男","O","uda122@example.co.jp","0439-69-1341","070-3781-0205","267-4042","千葉県流山市西初石2-3-701アルビス215","株式会社藤建","4260362396236235","02/27","733087261643"
"志賀 華奈子","しが かなこ",72,"1951年06月06日","女","B","shigakanako@example.jp","0554-41-0193","050-5191-5769","404-5451","山梨県甲府市中央1-2-8","","4225630139429307","04/26","491271167109"
"鳥居 真理子","とりい まりこ",58,"1965年12月24日","女","B","torii_mariko@example.co.jp","0896-76-9992","080-5914-7483","791-0509","愛媛県松山市湊町3-5-13プロシード204","合名会社ホープナビ","4913792121675284","04/25","455894805070"
"谷地 潤","やち じゆん",54,"1969年01月30日","その他・不明","A","jiyunyachi@example.ne.jp","0761-78-3402","080-4179-3004","922-9987","石川県金沢市玉鉾3-2-10","有限会社ジュン","5312645163230232","03/25","169626803843"
"鳴海 春樹","なるみ はるき",49,"1974年09月24日","男","B","narumi_haruki@example.net","03-3631-8357","050-4297-8740","198-1834","東京都千代田区飯田橋1-3-7","合名会社丸治皮革工業所","3550195061186124","07/26","509873526343"
"瀬戸 伸太郎","せと しんたろう",49,"1974年01月21日","男","A","setoshintarou@example.jp","03-0336-7036","080-7628-6460","146-1295","東京都江戸川区松島1-2-21サンロイヤル206","合名会社有文堂","379741620463549","10/27","516677204083"
"齋藤 義文","さいとう よしふみ",57,"1966年12月11日","その他・不明","AB","saito_1211@example.net","0152-88-7442","050-1737-9895","063-4742","北海道紋別市落石町2-1-3","池田建設株式会社","3565500718460769","12/27","486994319663"
"鶴田 和博","つるた かずひろ",63,"1960年02月13日","男","B","tsuruta213@example.jp","0460-40-1991","050-2951-5456","229-1611","神奈川県横浜市鶴見区下末吉2-3-21","","4733793667458646","09/24","483761861019"
"井上 祐二","いのうえ ゆうじ",44,"1979年01月16日","男","A","yuuji_inoue@example.com","03-4923-9784","090-4150-4340","188-6142","東京都中央区築地2-1-404グランドプラザ503","株式会社シード","3575212656147113","06/28","835098413060"
"鈴木 亜紀子","すずき あきこ",79,"1944年07月28日","女","O","suzukiakiko@example.co.jp","03-4770-9563","050-8087-5775","115-0696","東京都世田谷区南烏山2-2-7","","5248449700087935","05/28","066606317213"
"桂木 美智子","かつらぎ みちこ",41,"1982年07月11日","その他・不明","O","katsuragimichiko@example.com","03-5890-6432","070-4606-5714","113-3626","東京都港区新橋1-3-4","","4848857085366822","01/27","606137059938"
"佐藤 雅之","さとう まさゆき",37,"1986年06月11日","男","B","sato_611@example.jp","03-6266-1700","050-6471-7717","101-5260","東京都千代田区麹町1-1-9","株式会社BOND","5150930874551869","04/24","591474384738"
"木曽 裕之","きそ ひろゆき",31,"1992年06月22日","男","A","kiso_hiroyuki@example.ne.jp","0575-43-3517","050-6543-2305","508-1651","岐阜県岐阜市一日市場3-1-8","合同会社歩建設","5368426141576308","10/26","151233645123"
"吉岡 奨","よしおか しょう",24,"1999年12月04日","男","A","yoshioka_124@example.org","03-2646-7784","080-0769-3872","186-3782","東京都大田区西糀谷1-2-7","有限会社ニーズ","4058247134222199","03/27","962001958603"
"山口 明広","やまぐち あきひろ",57,"1966年10月08日","その他・不明","A","yamaguchiakihiro@example.org","03-5321-9006","050-8193-6953","172-0860","東京都江戸川区東小岩3-2-4","合同会社ＭＥＤＡＱＵＡ","4252163893979958","05/24","383103025563"
"染矢 裕行","そめや ひろゆき",50,"1973年02月08日","男","O","someya_hiroyuki@example.com","03-3648-3529","090-1071-8594","112-9932","東京都港区芝浦3-2-3","株式会社アレックス","5482652888707894","10/28","434426475898"
"寺尾 浩介","てらお こうすけ",39,"1984年10月09日","その他・不明","A","terao_109@example.ne.jp","045-440-8195","070-3276-6372","242-3037","神奈川県横浜市磯子区中原1-1-21","有限会社わたなべ","372565217618893","12/26","305674705188"
"本庄 翔也","ほんじょう しょうや",25,"1998年05月11日","男","AB","shouyahonjou@example.ne.jp","03-6479-5686","080-6097-8798","110-7968","東京都台東区蔵前1-5-5","つくば応用開発合資会社","5558015918872634","01/26","618308078810"
"八尋 秀信","やひろ ひでのぶ",41,"1982年04月03日","男","O","hidenobuyahiro@example.co.jp","0225-15-0141","080-5354-8137","988-9092","宮城県栗原市築館薬師2-2-3","合名会社テミーヤ・トレーディング","3531076999028162","02/26","199516847639"
"関口 京子","せきぐち きょうこ",44,"1979年08月20日","その他・不明","O","sekiguchi820@example.co.jp","01372-0-6321","050-2380-7455","095-6721","北海道千歳市錦町1-4-707","合名会社和具屋商店","377213819302773","04/27","528655101467"
"山内 愛梨","やまうち あいり",60,"1963年10月19日","女","A","airiyamauchi@example.co.jp","03-7871-4260","090-3458-3608","207-7072","東京都板橋区前野町2-2-205","有限会社ブレインズ","372775081839281","05/28","404059209934"
"澤野 綾美","さわの あやみ",20,"2003年08月05日","女","A","ayamisawano@example.net","0984-64-7000","090-4463-4362","888-7351","宮崎県日向市江良町3-2-6","合同会社小野石油","3533531604853857","04/26","242935973612"
"清水 恵理子","しみず えりこ",56,"1967年05月01日","女","B","erikoshimizu@example.org","046-046-6495","090-6110-1553","244-5729","神奈川県相模原市南区相模台2-3-10","株式会社大幸","376444861043137","04/24","923512822780"
"新崎 知輝","あらさき ともてる",53,"1970年08月08日","男","B","arasaki_tomoteru@example.co.jp","06-4654-1837","050-5840-7396","542-7105","大阪府大阪市中央区淡路町3-1-20","合名会社五味田清明商店","379351592148761","02/27","528128655152"
"石黒 直子","いしぐろ なおこ",41,"1982年09月11日","女","O","ishiguro_911@example.ne.jp","03-1178-3490","080-0003-8192","104-7339","東京都港区六本木2-5-4","株式会社山喜","5599929412999027","11/28","483955080948"
"柳瀬 充弘","やなせ みつひろ",24,"1999年09月17日","男","A","yanasemitsuhiro@example.net","03-2953-0998","050-6691-2336","181-4934","東京都葛飾区立石3-1-8","合同会社リジェールリシェス","5164977323099028","04/28","072125334394"
"山口 賢一","やまぐち けんいち",48,"1975年04月30日","男","AB","yamaguchikenichi@example.jp","0146-47-6194","070-3085-1666","089-4169","北海道札幌市手稲区星置一条4-2-6マークス814","株式会社フォルテ","3584655802917186","03/24","517018788953"
"吉岡 幸子","よしおか さちこ",74,"1949年01月03日","その他・不明","O","yoshioka13@example.com","0576-91-7669","070-0702-2822","502-1697","岐阜県岐阜市六条大溝2-3-9","","5100196622914962","09/25","617723626835"
"瀧本 明子","たきもと あきこ",49,"1974年02月15日","女","O","takimotoakiko@example.net","03-4918-3989","050-6105-0365","182-5935","東京都杉並区久我山3-3-9","合名会社橘川製綿所","378830411694148","08/27","849103017160"
"金田 直人","かねだ なおと",44,"1979年05月06日","男","A","kaneda56@example.com","06-2848-7923","070-6435-1392","592-2035","大阪府大阪市中央区内久宝寺町1-2-10","有限会社エムテック","372663725829712","05/27","238316354374"
"千葉 宏紀","ちば こうき",50,"1973年01月20日","男","O","chiba_koki@example.co.jp","03-1747-0788","090-0709-0302","154-3373","東京都千代田区外神田2-5-22","合同会社ＴＩＭＥ","3582280187738834","10/25","620428863877"
"栗原 智子","くりはら ともこ",34,"1989年10月24日","女","O","kurihara_tomoko@example.ne.jp","0930-83-5115","090-6457-2445","833-6084","福岡県福岡市城南区片江1-3-4","有限会社コマツ","5288509738205295","12/26","355324901453"
"明石 悦子","あかし えつこ",61,"1962年04月15日","女","A","akashietsuko@example.org","0565-27-9870","070-8912-5925","499-2005","愛知県小牧市小牧3-1-10","","3539917713192085","02/25","716054357104"
"武村 薫","たけむら かおる",44,"1979年01月21日","男","A","kaoru_takemura@example.net","025-753-3343","080-4908-9048","951-1303","新潟県新潟市中央区万代3-1-19","","4551450832877536","09/25","073245029176"
"本間 順","ほんま じゅん",47,"1976年05月19日","男","A","hommajun@example.org","076-329-4044","080-0116-6590","936-3594","富山県富山市田中町4-1-5","有限会社井上商事","379882990964409","05/28","865468645883"
"新井 紀彦","あらい のりひこ",45,"1978年01月30日","男","B","arainorihiko@example.net","03-3681-7225","070-3241-3067","135-7598","東京都豊島区池袋本町1-2-4","株式会社イトウ","4290225162931533","12/27","523526605856"
"木村 雅美","きむら まさみ",77,"1946年03月30日","女","O","kimura_330@example.ne.jp","03-2296-6926","050-8218-6804","109-7963","東京都品川区東品川2-5-206","","3576932801086614","07/24","362396602708"
"小林 良平","こばやし りょうへい",65,"1958年11月30日","男","O","kobayashiryouhei@example.com","0470-52-7387","090-9500-0522","286-0219","千葉県船橋市新高根2-2-901","","3556535349351798","08/24","506595593531"
"久保 健一","くぼ けんいち",52,"1971年05月04日","男","O","kenichi_kubo@example.net","0465-03-0617","050-6638-5734","221-4369","神奈川県大和市中央4-2-10","合名会社大黒屋呉服店","5486434887795915","05/27","796596199827"
"武藤 まゆみ","むとう まゆみ",71,"1952年11月12日","女","O","muto_1112@example.jp","0761-81-0966","050-3291-7227","921-1497","石川県金沢市北安江2-2-6","","379262084318632","09/26","572845261850"
"押田 梓","おしだ あずさ",62,"1961年05月28日","女","A","oshida_528@example.net","01397-7-6048","090-0805-7727","095-1432","北海道札幌市中央区北四条西1-2-10グローバル715","","5562479515992746","09/28","134770768795"
"小島 綾子","こじま あやこ",21,"2002年02月02日","女","B","kojima_22@example.org","03-9623-8446","050-1800-1607","162-0874","東京都千代田区九段南3-2-4","合資会社伊賀興信所","374574369931912","05/28","354810362436"
"諸橋 浩平","もろはし こうへい",34,"1989年10月02日","男","A","morohashi_102@example.co.jp","03-9825-7437","050-0768-4796","146-2975","東京都調布市布田2-2-1204","アサヒエンジニアリング有限会社","4564397297703514","03/26","284033178520"
"酒井 崇","さかい たかし",50,"1973年05月10日","男","O","sakai510@example.jp","0826-24-2062","080-3768-8271","720-3237","広島県広島市安佐北区可部2-1-6ルネグラン214","小星合名会社","5453182197269399","10/24","326194806593"
"北川 弘之","きたがわ ひろゆき",26,"1997年07月16日","男","A","hiroyukikitagawa@example.net","0480-05-3656","050-6608-0311","336-7946","埼玉県川越市豊田本2-4-17","有限会社清水工業","4490447153363983","10/25","393242134259"
"山本 博章","やまもと ひろあき",28,"1995年09月01日","男","A","yamamotohiroaki@example.com","0791-89-8911","050-8569-3900","650-4589","兵庫県神戸市中央区相生町2-4-1004","株式会社コバヤシ","3580790331385532","07/28","399165463986"
"吉國 真希子","よしくに まきこ",48,"1975年05月06日","女","A","yoshikuni_makiko@example.org","03-7401-0459","050-9559-4546","105-9023","東京都品川区西五反田3-4-402","株式会社ダイケン","378699571686271","07/26","904736270427"
"宮崎 俊博","みやざき としひろ",60,"1963年09月12日","男","A","miyazaki912@example.co.jp","06-7068-0631","090-8304-6572","546-9916","大阪府交野市倉治4-1-6","有限会社藤田工務店","5436673993601738","09/28","799446200125"
"井口 康二","いぐち こうじ",79,"1944年01月22日","男","A","kojiiguchi@example.com","0133-75-7828","090-2675-9273","045-6188","北海道千歳市桂木1-2-3","","5467204379335501","05/24","585462533630"
"金子 尚子","かねこ なおこ",51,"1972年03月09日","女","O","naoko_kaneko@example.ne.jp","03-4691-6611","070-0768-9385","176-7503","東京都世田谷区野沢1-3-18","合資会社マサル鉄工所","4640644456496812","09/26","173514322165"
"石川 めぐみ","いしかわ めぐみ",69,"1954年05月02日","女","O","ishikawa_52@example.net","06-9595-7468","090-7925-3165","541-8984","大阪府大阪市中央区上本町西2-2-11","","3545515221495602","07/24","190762659194"
"岡田 将広","おかだ まさひろ",29,"1994年03月11日","その他・不明","B","okada_311@example.ne.jp","079-556-4166","070-9298-2732","677-5951","兵庫県伊丹市南野1-3-8","","375488967042304","05/25","571417653063"
"徳永 卓史","とくなが たかし",30,"1993年10月06日","男","A","tokunaga_takashi@example.org","03-8991-9965","070-1995-9512","177-2635","東京都中央区日本橋本石町1-1-11","有限会社キムラ","4896890354457320","01/24","228745012788"
"古橋 愛里","ふるはし あいり",78,"1945年05月25日","女","B","furuhashiairi@example.co.jp","043-693-9366","090-1840-0267","280-7610","千葉県印西市木下東2-5-403ガーデンズ405","","5547369716347768","04/28","344865503629"
"金子 貴志","かねこ たかし",67,"1956年06月07日","男","O","takashikaneko@example.jp","06-4453-9231","090-0519-7306","580-2081","大阪府大阪市平野区流町1-3-10","","4254485992639201","08/24","705105848211"
"松本 達史","まつもと たつふみ",46,"1977年06月14日","男","B","matsumoto_tatsufumi@example.co.jp","01456-7-3456","050-2289-5115","068-4429","北海道札幌市南区南沢二条2-2-702","株式会社中商","5220763894228366","12/24","979816312775"
"志賀 慶三","しが けいぞう",33,"1990年04月28日","男","A","shigakeizou@example.com","046-078-5687","090-8591-7684","226-8203","神奈川県藤沢市鵠沼神明1-2-108","合資会社メカサポート","371825589710772","11/24","477475265042"
"内田 麻奈","うちだ まな",59,"1964年05月01日","女","A","manauchida@example.co.jp","0536-63-5661","080-8435-8908","478-3279","愛知県春日井市柏井町1-5-7","有限会社中川商店","376037190845626","05/26","240117932410"
"石田 博美","いしだ ひろみ",49,"1974年05月31日","女","A","ishidahiromi@example.jp","0493-07-6520","090-0298-8236","369-0117","埼玉県熊谷市銀座2-5-10","","374843907647557","08/24","866533119988"
"池田 晃一","いけだ こういち",60,"1963年01月19日","男","A","koichiikeda@example.com","03-5178-9208","090-9367-4835","160-5449","東京都千代田区九段北3-3-3","株式会社松栄","3557603545268304","01/26","178847512710"
"榎本 麻友","えのもと まゆ",37,"1986年02月13日","女","O","enomoto_213@example.ne.jp","0283-12-2041","090-8686-8680","321-1373","栃木県宇都宮市陽東1-5-506","有限会社アルク","4446478660577497","10/28","735474033945"
"岡元 聖子","おかもと せいこ",74,"1949年10月31日","女","O","okamoto_1031@example.com","0575-80-8449","080-1982-1567","501-4188","岐阜県大垣市新田町1-4-5","","376917607123503","05/28","082702526260"
"福田 浩二","ふくだ こうじ",60,"1963年09月18日","男","B","fukuda918@example.com","0436-70-0407","080-2502-2918","272-2942","千葉県船橋市高野台4-3-3","朝日産業合名会社","372378684756943","08/25","263713119947"
"細川 文彦","ほそかわ ふみひこ",80,"1943年03月27日","男","O","hosokawa327@example.net","0465-60-6966","050-1366-3268","233-8237","神奈川県相模原市緑区相原1-1-10","","4061908121564274","06/25","696164489013"
"青柳 千恵","あおやぎ ちえ",61,"1962年09月04日","女","A","chie_aoyagi@example.net","01397-7-2645","050-3491-6218","007-3196","北海道旭川市神居五条2-3-8","","5348077446374967","10/25","548547467200"
"日高 直美","ひだか なおみ",71,"1952年06月11日","女","A","hidaka_naomi@example.com","06-6965-9742","070-8682-8527","581-3831","大阪府大阪市城東区今福西2-5-14","","376518967605053","04/26","040278951954"
"桑田 美和子","くわた みわこ",74,"1949年02月28日","女","B","miwakokuwata@example.co.jp","03-5343-7975","080-8425-8858","151-6893","東京都中央区日本橋本石町1-3-5","","5483043475208125","01/27","200482469646"
"西田 広美","にしだ ひろみ",37,"1986年10月26日","女","B","nishida_1026@example.com","03-5817-6571","080-4458-6906","180-9406","東京都国分寺市東恋ヶ窪3-1-12","有限会社朝日商事","3541412245732067","01/25","453078296563"
"佐藤 光司","さとう こうじ",67,"1956年09月04日","男","AB","kojisato@example.jp","03-7907-9090","080-6991-3012","100-7649","東京都中野区東中野2-2-9エスペランス309","","4842328212194301","06/27","854302241057"
"西村 隆裕","にしむら たかひろ",20,"2003年07月12日","男","O","takahiro_nishimura@example.net","03-5998-5803","090-1725-2162","208-0303","東京都渋谷区代々木3-1-4","合同会社パインソーラー１０５６","4533591838120653","08/24","961755699900"
"小板 慎一","こいた しんいち",64,"1959年06月09日","その他・不明","O","koitashinichi@example.ne.jp","01586-2-1885","080-2594-9816","059-3798","北海道札幌市北区新琴似六条2-4-1203","","4203121864431565","03/25","440136627872"
"嶌田 牧人","しまだ まきと",22,"2001年05月01日","男","B","shimada_makito@example.co.jp","0467-73-2934","090-6947-6015","222-0892","神奈川県川崎市麻生区上麻生1-2-7","株式会社リプロ","5557739233031698","07/25","733831934708"
"林 雅子","はやし まさこ",22,"2001年11月20日","女","O","hayashi1120@example.net","0967-26-2669","090-1055-2972","861-2869","熊本県熊本市中央区出水1-1-6サンロイス615","株式会社みのり","5266559429707931","11/28","092847674670"
"古田 直人","ふるた なおと",49,"1974年07月26日","男","A","furuta_726@example.net","06-5204-9737","090-0558-0736","531-3412","大阪府豊中市庄内西町2-3-6セレッソコート512","酒井興業合資会社","375912046873157","07/24","037301430176"
"柏木 尚","かしわぎ なお",73,"1950年01月09日","男","O","naokashiwagi@example.jp","03-5651-8581","080-7611-4674","135-3857","東京都大田区山王3-1-6","","4400014635913618","11/24","507086778537"
"堤 賢一","つつみ けんいち",49,"1974年09月02日","男","A","tsutsumi_92@example.ne.jp","03-4406-8516","080-5783-7718","155-3171","東京都板橋区舟渡3-5-1001ヴィークコート214","有限会社中央商事","3569736570250221","04/26","194703649822"
"小林 圭佑","こばやし けいすけ",36,"1987年02月14日","男","O","kobayashikeisuke@example.org","03-2124-5264","050-1614-3381","152-2573","東京都渋谷区広尾2-3-907","株式会社マキノ","4248748830744460","03/26","582263948377"
"河合 和也","かわい かずや",27,"1996年02月07日","男","O","kazuyakawai@example.ne.jp","06-7027-7289","070-9110-5764","545-4832","大阪府大阪市北区西天満2-4-17","","3563880645718469","05/28","170936802500"
"朝比奈 誠二","あさひな せいじ",63,"1960年09月30日","男","AB","asahina930@example.jp","03-0181-3137","090-0689-9240","176-6019","東京都千代田区麹町4-3-9","","5200754209318434","10/24","362665083151"
"関根 政之","せきね まさゆき",24,"1999年01月04日","男","A","masayuki_sekine@example.org","03-3138-6885","070-9213-6227","186-3537","東京都世田谷区等々力3-3-5","志摩養魚合名会社","374373257417997","04/28","585990047802"
"平松 美穂","ひらまつ みほ",77,"1946年11月12日","女","O","mihohiramatsu@example.net","0142-60-1811","090-4492-9846","047-0939","北海道札幌市北区屯田八条2-1-304","","5340882931936883","02/26","670592441999"
"永田 達哉","ながた たつや",22,"2001年07月02日","男","B","nagata_tatsuya@example.net","0980-71-8982","070-2446-7234","902-3599","沖縄県名護市東江3-3-18","旭興業合資会社","4639838333387342","09/24","578300531425"
"坂本 玲子","さかもと れいこ",53,"1970年04月20日","女","A","sakamotoreiko@example.jp","0997-57-3070","070-5994-7284","894-1298","鹿児島県鹿児島市宇宿2-5-17ソルステージュ715","株式会社スパーク","5271972052008688","11/28","531105851966"
"熊田 栄太","くまだ えいた",45,"1978年12月04日","男","A","kumadaeita@example.com","03-0453-0763","050-8904-5494","125-0202","東京都港区高輪3-3-11","有限会社大栄産業","371699407121490","02/25","583184521070"
"成田 淳史","なりた あつし",38,"1985年06月29日","男","O","atsushinarita@example.jp","0794-10-6946","070-3762-4763","664-0366","兵庫県神戸市東灘区住吉山手1-1-19","有限会社福田商事","4803128668094063","06/27","879029158594"
"森下 哲郎","もりした てつろう",25,"1998年03月12日","男","AB","tetsurou_morishita@example.jp","03-2495-2349","070-0841-4666","108-9896","東京都中野区東中野2-3-6","株式会社サンコー","372316892643826","11/24","527038929125"
"松田 陵","まつだ りょう",43,"1980年02月20日","その他・不明","AB","matsudaryou@example.net","03-1022-3440","080-2635-7569","122-2679","東京都日野市大坂上1-5-4","株式会社ゆう","4705999153942274","12/27","965997389080"
"川原 由加里","かわはら ゆかり",33,"1990年02月10日","女","A","kawahara_yukari@example.net","0156-65-5863","050-5243-8090","053-1997","北海道札幌市中央区宮の森一条2-3-4","","3560344228323042","04/25","043925590330"
"高山 哲也","たかやま てつや",62,"1961年11月22日","男","O","takayama_1122@example.net","0465-37-5006","050-9259-9239","240-7146","神奈川県横浜市鶴見区生麦2-4-13セントローリエ209","","371567473127602","04/26","330917258970"
"松尾 雅美","まつお まさみ",34,"1989年10月12日","女","O","matsuo_masami@example.com","03-7259-7266","080-2750-4535","117-6583","東京都北区中十条2-5-22","株式会社パートナーズ","3566309167967392","01/25","601198210769"
"江藤 陽平","えとう ようへい",62,"1961年10月15日","男","O","eto_youhei@example.org","03-3114-2785","080-8370-3909","194-5370","東京都千代田区外神田2-3-1103","","3577848333828100","09/25","050777276473"
"高橋 頼子","たかはし よりこ",26,"1997年12月12日","その他・不明","AB","yoriko_takahashi@example.ne.jp","03-5125-6335","070-8257-6078","138-0492","東京都渋谷区恵比寿3-4-308","合名会社コンサルティング・ダンノ","4969694932071054","09/25","698810719610"
"石戸谷 昌弘","いしとや まさひろ",73,"1950年11月03日","男","A","ishitoya_113@example.com","03-7094-2158","090-6907-8281","167-8054","東京都港区六本木1-4-5","","374251909954353","07/24","013130013702"
"高嶋 光","たかしま ひかる",49,"1974年05月17日","男","A","takashimahikaru@example.com","03-4197-4830","070-6345-1726","199-1122","東京都品川区荏原3-1-9","有限会社大和建設","5502651886440348","05/25","584552853603"
"岩田 信宏","いわた のぶひろ",22,"2001年10月03日","男","B","iwatanobuhiro@example.ne.jp","0436-45-9518","050-0204-0193","282-8382","千葉県柏市酒井根1-1-1007","有限会社リンク","4404508876422953","09/24","215286435803"
"乾 貴康","いぬい たかやす",55,"1968年01月24日","男","O","inui124@example.ne.jp","03-1964-9684","050-6564-9056","133-0156","東京都葛飾区青戸1-5-701シャルマンフジ210","","4206017017903343","05/28","976232258605"
"竹村 大貴","たけむら たいき",23,"2000年01月12日","男","AB","taikitakemura@example.com","03-7973-4128","050-4332-8031","108-4671","東京都文京区小日向2-2-21","合同会社ｍｅｒｃｉ","5444638024703142","06/28","844727347015"
"田村 拓","たむら たく",45,"1978年09月04日","その他・不明","A","tamura94@example.org","0495-70-8876","090-3356-4181","354-0800","埼玉県さいたま市見沼区東大宮3-3-7","伊勢水道サービスセンター有限会社","4641945916365110","03/26","984603948670"
"岩下 靖浩","いわした やすひろ",78,"1945年10月11日","男","A","iwashita_1011@example.net","03-3663-8605","070-3482-7606","192-9910","東京都調布市布田2-3-11","","375204645656583","09/28","555582840689"
"小山 久","こやま ひさし",52,"1971年07月11日","男","A","koyama_hisashi@example.ne.jp","0897-42-5319","080-0880-2730","798-1305","愛媛県松山市二番町2-2-22ランズ208","株式会社ナカガワ","4700438770425301","12/27","604033201411"
"伊東 恵理","いとう えり",22,"2001年05月20日","その他・不明","B","itoeri@example.net","022-635-1829","090-1513-8507","985-3406","宮城県仙台市泉区泉中央2-1-401","株式会社大輝","371480651315496","05/26","639303222341"
"井上 翔","いのうえ しょう",38,"1985年01月19日","男","B","inoue_119@example.ne.jp","0165-16-4057","050-3257-7168","065-9847","北海道旭川市東八条1-1-12","","5566049928917485","12/24","430950486273"
"榎戸 裕","えのきど ひろし",76,"1947年03月15日","男","A","enokido315@example.net","0293-76-1663","090-4495-2972","309-7294","茨城県日立市川尻町2-3-12","","5486358965543196","07/24","979490668337"
"佐久間 彩花","さくま あやか",60,"1963年02月22日","女","B","ayaka_sakuma@example.net","0948-23-1049","080-6315-2755","801-9764","福岡県福岡市博多区千代1-3-10","株式会社H＆K","4476514321451962","12/28","330787694519"
"中村 紀子","なかむら のりこ",39,"1984年06月24日","女","O","nakamura_624@example.ne.jp","03-0360-3283","080-3887-7564","133-2320","東京都千代田区麹町3-2-17チサンマンション416","合資会社創研","3556645675464519","02/28","189166080067"
"池口 圭祐","いけぐち けいすけ",61,"1962年03月09日","男","A","keisukeikeguchi@example.org","03-8831-0619","080-7512-1173","109-6640","東京都江東区森下3-4-3パレスエクセル412","","4963517107498677","03/27","747577142120"
"今村 俊史","いまむら としふみ",56,"1967年05月13日","男","O","toshifumi_imamura@example.net","03-5006-3282","080-0114-2866","203-3310","東京都港区芝浦1-3-6","合名会社大松屋","5328135274151735","12/26","338806980502"
"佐野 泰弘","さの たいこう",78,"1945年08月11日","男","AB","sanotaiko@example.org","0465-14-6106","090-2486-0896","215-2554","神奈川県横浜市鶴見区栄町通3-2-3","","4045558889634933","10/28","554816704389"
"山野 智子","やまの ともこ",44,"1979年03月07日","女","B","yamanotomoko@example.com","0493-60-7308","090-7063-4165","338-4747","埼玉県さいたま市岩槻区府内1-2-9","合資会社ウェルケア","4076346494058603","04/27","463156890570"
"鈴木 有里","すずき ゆり",57,"1966年10月22日","女","B","suzuki_1022@example.ne.jp","03-8957-5672","050-5487-5181","182-5029","東京都渋谷区神宮前1-1-5オークス606","有限会社アクセス","5261143216154931","09/27","043710974633"
"安藤 奈津実","あんどう なつみ",52,"1971年10月12日","女","A","natsumi_andou@example.jp","0967-56-1728","050-0835-2849","869-0553","熊本県熊本市中央区帯山1-3-806","株式会社タイヨー","4383277365738874","05/25","655683175567"
"石川 和大","いしかわ かずひろ",56,"1967年02月27日","男","B","kazuhiroishikawa@example.org","03-8637-6364","080-6648-1417","165-5445","東京都港区虎ノ門3-1-505","株式会社サントラスト","3557683202599662","04/26","857210005798"
"大住 清明","おおすみ きよあき",21,"2002年12月10日","男","A","kiyoakiosumi@example.org","0145-38-1149","050-2847-6496","097-0002","北海道札幌市北区北三十四条西1-2-7","株式会社TSK","4362773656502453","03/27","519391947843"
"藤本 香保里","ふじもと かおり",67,"1956年04月11日","女","A","fujimoto_411@example.net","06-7208-6760","080-4648-4592","542-4932","大阪府大阪市福島区福島1-3-1206","","4118389237638034","02/27","341339855694"
"斎藤 愛子","さいとう あいこ",76,"1947年01月31日","女","AB","saito_131@example.org","03-2107-3874","090-2827-5341","104-4702","東京都東村山市久米川町3-2-3","","3563009251941971","02/26","914958568870"
"松井 勇樹","まつい ゆうき",22,"2001年02月03日","男","B","yuukimatsui@example.com","0460-84-3952","090-1183-1555","229-7314","神奈川県大和市中央林間1-1-19","","371680801900085","04/24","647232443352"
"小倉 真之介","おぐら しんのすけ",22,"2001年12月27日","男","A","ogurashinnosuke@example.net","042-798-3247","050-8715-1168","346-7041","埼玉県さいたま市中央区本町東3-3-19","合名会社大森精米所","3574205990752797","07/25","531026662210"
"玉木 ゆうこ","たまき ゆうこ",72,"1951年10月15日","女","A","tamaki_1015@example.net","0837-59-8082","090-7967-8071","759-7922","山口県光市島田3-3-10","","4653374300711828","09/27","730642300693"
"鈴木 浩一","すずき こういち",39,"1984年08月04日","男","A","suzuki84@example.co.jp","03-8204-1185","080-4786-5140","184-1784","東京都大田区山王1-2-203","株式会社ウィステリア","3556051428149632","03/28","931498466587"
"井手 義則","いで よしのり",39,"1984年05月01日","男","O","ide51@example.net","06-9604-1149","090-1618-7845","582-1656","大阪府大阪市中央区南船場2-2-605","合同会社夢庵","5177981537328962","04/26","400564247241"
"桑田 大輔","くわた だいすけ",55,"1968年06月21日","男","AB","kuwatadaisuke@example.org","04-6271-9458","080-2459-5768","274-8827","千葉県君津市南子安1-2-8セラ611","","374445919075783","07/28","848464983618"
"森口 英樹","もりぐち ひでき",61,"1962年12月07日","男","O","hideki_moriguchi@example.jp","01586-7-7250","080-9330-6762","060-9583","北海道札幌市中央区南九条西4-3-6","","3555843918506078","01/26","912789456355"
"中山 由紀子","なかやま ゆきこ",48,"1975年06月13日","女","AB","nakayama_613@example.jp","0178-45-6376","050-4009-1460","039-5726","青森県青森市奥野2-2-15","株式会社CONNECT","5384614973588547","07/28","151955002251"
"戸塚 翔平","とつか しょうへい",43,"1980年08月02日","男","A","totsuka_shouhei@example.org","0256-92-2630","090-8687-5624","946-6272","新潟県新潟市中央区沼垂東3-1-7","ドクターズホワイト合資会社","4324275322477950","01/24","595922669256"
"谷口 よしの","たにぐち よしの",35,"1988年07月18日","女","A","yoshino_taniguchi@example.net","06-2394-3083","080-2410-3134","558-8287","大阪府東大阪市下小阪3-3-12ベルレーヴ406","株式会社リフレ","5341355250096299","11/25","044506070969"
"前田 高史","まえだ たかふみ",28,"1995年06月15日","男","A","takafumi_maeda@example.co.jp","0460-82-2601","050-0220-1348","211-4409","神奈川県相模原市中央区相生1-1-10","ケイステップ合同会社","4485720193044384","10/28","366026241019"
"山根 絢香","やまね あやか",33,"1990年02月20日","女","O","ayaka_yamane@example.ne.jp","03-3679-2436","090-4148-6836","109-5743","東京都新宿区西新宿3-1-3","株式会社東建","3560545411859234","08/28","274391243991"
"吉田 はづき","よしだ はづき",49,"1974年02月11日","女","O","hazuki_yoshida@example.com","03-8513-2049","050-9768-1129","189-2557","東京都墨田区緑2-5-209","","379948192624800","07/26","107599388728"
"木下 和宏","きのした かずひろ",25,"1998年08月07日","男","B","kazuhirokinoshita@example.com","0220-96-1898","090-1321-7976","982-8806","宮城県仙台市青葉区中央3-3-4グリーンハイツ604","合名会社内山タンス店","5378631942024980","09/24","178877697049"
"鈴木 裕子","すずき ゆうこ",78,"1945年09月09日","女","O","suzukiyuuko@example.ne.jp","03-8269-8331","070-6716-0321","178-8031","東京都品川区西五反田1-1-20パルコート816","","4768001696067752","06/25","468318737578"
"岡田 博之","おかだ ひろゆき",38,"1985年11月19日","男","AB","okada1119@example.net","03-7875-7068","080-1537-0466","184-2544","東京都板橋区前野町2-2-402ファミリーコーポ113","株式会社清水商店","371324684666279","02/26","647132235752"
"横川 知子","よこかわ ともこ",32,"1991年09月05日","その他・不明","A","yokokawatomoko@example.com","0565-67-2612","080-4129-6644","491-3590","愛知県名古屋市昭和区鶴舞1-4-3","有限会社エムズコーポレーション","4037615076807357","04/26","042447947891"
"三島 智史","みしま さとし",59,"1964年12月22日","男","O","mishimasatoshi@example.ne.jp","0463-72-4079","080-6313-7176","216-0891","神奈川県厚木市恩名2-2-15","株式会社三興","4357189924876271","08/26","010064993564"
"奥田 浩子","おくだ ひろこ",57,"1966年11月04日","女","B","okuda114@example.co.jp","046-871-6275","070-0219-5507","215-4239","神奈川県横須賀市大矢部3-5-19","有限会社オズ","3576716254889008","10/28","100694541210"
"小倉 ちひろ","おぐら ちひろ",21,"2002年04月24日","女","A","ogura_424@example.jp","03-9478-8689","070-7079-1949","139-7279","東京都中野区沼袋2-1-3","合名会社カナイ","4524871531246356","06/27","622440139915"
"市川 圭司","いちかわ けいじ",68,"1955年07月24日","男","AB","ichikawa_keiji@example.com","0143-06-9225","070-2969-4155","009-9490","北海道稚内市こまどり3-1-22","","5113205138698871","10/28","410066155505"
"毛利 謙一","もうり けんいち",66,"1957年05月08日","男","O","kenichi_mouri@example.net","0165-91-6033","050-8263-7049","007-2602","北海道札幌市中央区北九条西1-4-10","","3564406557132090","01/27","663669540867"
"市川 英樹","いちかわ ひでき",69,"1954年06月03日","男","A","hideki_ichikawa@example.org","01457-5-7179","080-5476-7768","090-6679","北海道札幌市北区北二十三条西1-3-3","","3557317173579714","09/27","547936045900"
"村田 あすか","むらた あすか",25,"1998年04月27日","女","B","asukamurata@example.org","06-2220-6981","090-9933-3556","551-8307","大阪府大阪市旭区高殿3-1-22","株式会社グロース","5342492691734789","08/25","484985367601"
"奥野 智之","おくの ともゆき",20,"2003年09月07日","男","AB","okuno_tomoyuki@example.org","0980-75-7223","070-8397-2640","902-3688","沖縄県那覇市首里末吉町4-3-3","株式会社アリア","3555928120655274","12/27","387176895499"
"木下 昌樹","きのした まさき",64,"1959年06月15日","その他・不明","A","kinoshitamasaki@example.ne.jp","0946-68-1747","080-1226-5621","802-0866","福岡県福岡市城南区別府3-3-10","","371044354810482","07/24","671347150608"
"今西 厚","いまにし あつし",21,"2002年06月04日","男","A","imanishiatsushi@example.ne.jp","0796-68-1030","090-2974-4023","652-6988","兵庫県神戸市中央区北野町1-2-3","株式会社アオキ","375142438993344","07/28","497957364391"
"大前 雄輝","おおまえ ゆうき",41,"1982年06月20日","男","O","yuuki_omae@example.com","0494-97-3753","090-6317-8297","344-5968","埼玉県春日部市備後東3-2-6エフコート101","合名会社免疫健康商会","5247313245367742","03/26","657495865583"
"坂田 克宏","さかた よしひろ",23,"2000年06月11日","男","O","sakatayoshihiro@example.ne.jp","03-6034-1923","080-8964-3231","191-7747","東京都世田谷区南烏山2-2-808","株式会社アドバンス","5226907114353991","07/26","153335081294"
"志村 淳","しむら じゅん",66,"1957年08月18日","男","O","jun_shimura@example.net","046-182-1965","050-7419-1767","230-9205","神奈川県横浜市南区別所1-3-605ロイヤルコート413","","4927184826025896","06/25","886401751031"
"細野 あゆみ","ほその あゆみ",34,"1989年07月17日","女","AB","hosono717@example.ne.jp","0826-72-9157","090-5245-8902","726-3373","広島県福山市引野町北3-2-3","株式会社プラス","377141039189813","12/28","258167544344"
"山岡 剛","やまおか つよし",25,"1998年08月19日","男","B","tsuyoshiyamaoka@example.co.jp","03-1118-4038","090-1224-4816","206-7663","東京都台東区池之端3-4-10","株式会社LIFE","4583467544622366","08/28","069870027885"
"家田 佳代子","いえだ かよこ",20,"2003年10月17日","女","A","ieda1017@example.co.jp","07468-7-7747","070-9389-0298","638-9124","奈良県五條市野原中1-3-7","合資会社谷川薬局","3548158305979931","03/28","061180858341"
"波多江 香菜子","はたえ かなこ",76,"1947年08月23日","女","A","kanakohatae@example.jp","03-7924-3412","070-3170-4182","160-0153","東京都中野区中野4-1-8","","4852863320291851","05/28","453148413490"
"伊藤 智子","いとう ともこ",52,"1971年02月05日","女","B","itotomoko@example.jp","03-3969-6518","050-8525-6789","127-8259","東京都豊島区東池袋3-2-5","合資会社大進","376235307718534","11/26","779916390219"
"熊谷 武史","くまがい たけふみ",60,"1963年08月06日","男","A","kumagaitakefumi@example.org","0495-41-9433","090-6926-1829","352-0546","埼玉県朝霞市朝志ケ丘3-3-7","合資会社三泗不動産商事","379522207449766","07/28","137679225451"
"谷川 智也","たにがわ ともや",71,"1952年08月01日","男","A","tomoyatanigawa@example.ne.jp","098-548-5474","050-9199-3295","909-8631","沖縄県沖縄市知花4-3-5","","4566027453230774","07/28","555246843645"
"佐藤 優子","さとう ゆうこ",39,"1984年08月20日","女","O","yuuko_sato@example.net","0574-70-7015","080-8155-1935","504-0016","岐阜県各務原市鵜沼朝日町2-5-10","株式会社OHANA","3547312803209140","11/25","576326644500"
"杉本 直人","すぎもと なおと",70,"1953年08月30日","男","A","sugimoto830@example.net","03-4501-3723","050-0903-2314","176-2130","東京都あきる野市秋川1-5-9","","3576606714617224","09/26","903264736188"
"香坂 千春","こうさか ちはる",46,"1977年06月20日","女","B","chiharukosaka@example.jp","06-9805-0941","050-5693-8092","598-2798","大阪府東大阪市下小阪1-1-21","有限会社グリーンライフ","3560589858229030","05/26","447892320815"
"福本 理沙","ふくもと りさ",69,"1954年07月01日","女","B","fukumoto71@example.co.jp","03-5519-5533","070-1679-2195","118-0950","東京都足立区西新井1-4-21","","3578791416328284","04/28","372246444832"
"森元 奈生子","もりもと なおこ",32,"1991年01月05日","女","O","morimotonaoko@example.net","03-8869-1687","080-5569-1416","106-9736","東京都江東区豊洲4-1-10フォルム606","合同会社コスモクリエイション","375938654599040","08/28","445493960824"
"三上 直之","みかみ ただゆき",56,"1967年02月02日","男","A","tadayukimikami@example.net","03-6859-2521","080-0552-1788","147-2791","東京都文京区本郷1-3-3","株式会社エムズコーポレーション","371675976708818","12/26","104430117572"
"石原 真弓","いしはら まゆみ",29,"1994年09月05日","女","A","ishihara_95@example.co.jp","0493-70-8072","080-4524-7037","340-7853","埼玉県さいたま市西区西大宮1-3-8","有限会社山崎工務店","3561106293182887","07/24","189128661544"
"田中 洋輔","たなか ようすけ",64,"1959年05月31日","男","B","tanakayousuke@example.ne.jp","0493-17-0184","050-5585-5874","369-2786","埼玉県所沢市中富南3-2-10","","3568529982613768","02/25","356955902466"
"原田 靖子","はらだ やすこ",42,"1981年04月06日","女","O","yasukoharada@example.co.jp","079-071-7263","070-8412-2554","673-5098","兵庫県神戸市中央区熊内町2-3-204セントローリエ105","有限会社岡田商店","377147454540950","04/25","451954783180"
"西村 健一","にしむら けんいち",65,"1958年09月20日","男","B","nishimura_kenichi@example.net","03-8087-8459","050-4271-1726","178-6077","東京都足立区谷中3-3-4","","4975405827149042","05/24","992344282202"
"竹岡 瑛子","たけおか えいこ",38,"1985年01月03日","女","B","eikotakeoka@example.com","0152-52-1938","090-9679-9828","062-5846","北海道帯広市西八条南2-3-209フレックス606","株式会社セカンド","4569349689531883","09/24","473567260963"
"渋谷 義彦","しぶや よしひこ",33,"1990年01月14日","男","A","shibuya_114@example.net","01635-2-4623","090-0899-8584","072-0414","北海道札幌市手稲区西宮の沢四条3-1-109","株式会社プライム","5119677089235321","08/27","267185167417"
"大岩 豪太","おおいわ ごうた",59,"1964年12月24日","男","O","oiwa1224@example.co.jp","0561-05-3073","050-6619-3671","482-5900","愛知県名古屋市東区大幸1-3-1104パレロワイヤル813","有限会社渡辺商事","3541728163056498","01/26","829249752899"
"辻内 敏博","つじうち としひろ",42,"1981年01月02日","男","AB","tsujiuchi12@example.co.jp","0547-33-1011","080-6036-9649","411-7772","静岡県静岡市駿河区用宗3-3-8","有限会社伊藤商会","3563380299960293","01/26","075247684441"
"朝比奈 碧","あさひな みどり",46,"1977年08月11日","女","A","asahina_811@example.com","0946-57-2158","090-4169-8449","804-4030","福岡県福岡市中央区天神2-3-7","有限会社ワークス","3546182552946296","08/24","259285079768"
"野村 正夫","のむら まさお",71,"1952年08月15日","男","A","nomura_masao@example.net","042-096-5518","070-3733-9840","360-1964","埼玉県さいたま市浦和区北浦和2-1-205","","376558622996091","06/24","829208513766"
"一戸 祐介","いちのへ ゆうすけ",25,"1998年05月07日","男","A","yuusuke_ichinohe@example.net","03-6923-8719","080-1960-1876","203-7992","東京都港区西麻布1-1-6","合資会社廣井時計眼鏡店","3581065356432132","02/25","743896351306"
"小川 尚宏","おがわ なおひろ",30,"1993年04月03日","男","A","ogawa43@example.com","03-5469-5834","070-3248-8543","135-8180","東京都世田谷区経堂4-1-9","株式会社ベクトル","5477218327553617","03/27","901696109963"
"中村 佑輔","なかむら ゆうすけ",61,"1962年04月10日","男","A","nakamurayuusuke@example.org","0875-91-6197","080-0505-6311","767-1214","香川県丸亀市土器町東1-3-702","","4604568655246146","03/26","318477074294"
"岡本 有佳里","おかもと ゆかり",64,"1959年10月19日","その他・不明","A","yukari_okamoto@example.ne.jp","0479-71-1997","070-2825-9561","267-9602","千葉県流山市野々下4-2-9","","371601772729303","05/27","961026334616"
"石井 誠一","いしい せいいち",36,"1987年06月15日","男","B","seiichiishii@example.co.jp","0563-66-4546","070-8713-3296","492-6886","愛知県名古屋市中区正木1-5-407","株式会社サンクス","371477628046345","06/27","957241290355"
"小梶 源","こかじ げん",37,"1986年09月10日","男","A","kokaji_910@example.org","0536-30-1047","070-9145-0505","494-5229","愛知県名古屋市港区新茶屋2-5-18","株式会社ZERO","5342679492990202","07/27","654021517437"
"宮野 博士","みやの ひろし",50,"1973年08月13日","男","A","hiroshimiyano@example.co.jp","03-1771-7503","050-3538-9654","153-5146","東京都小金井市東町4-3-8","合名会社松田商店","4239454278846153","11/28","023043552864"
"植田 美紀","うえだ みき",71,"1952年10月11日","女","O","mikiueda@example.com","03-7616-5568","070-6169-0736","149-5583","東京都江東区大島1-2-403","","371936349603569","11/28","943256710074"
"山口 真由美","やまぐち まゆみ",24,"1999年05月09日","女","AB","yamaguchimayumi@example.ne.jp","0798-36-2111","090-4071-8004","676-6186","兵庫県三田市けやき台2-3-10","有限会社山崎","4633702017046952","07/27","907117281901"
"木下 夏美","きのした なつみ",23,"2000年04月06日","女","O","natsumikinoshita@example.net","03-7525-3474","070-0183-8332","185-6421","東京都新宿区下落合2-2-903","中央建設株式会社","3566908224190854","12/24","560151751925"
"門馬 良子","もんま よしこ",71,"1952年08月20日","女","O","mommayoshiko@example.org","06-7101-5155","090-3432-0084","544-4395","大阪府大阪市浪速区日本橋2-1-301","","4307867334998485","07/27","842912131719"
"伊賀 淳平","いが じゅんぺい",32,"1991年02月27日","男","B","iga_jumpei@example.org","03-0766-6288","070-8988-6419","155-3026","東京都中野区中央1-2-4ネオディ512","合同会社レガロ","4980318608294858","05/25","054751037069"
"浅香 秀樹","あさか ひでき",30,"1993年11月03日","男","O","asakahideki@example.ne.jp","03-3484-7228","090-8829-3096","132-1938","東京都中野区本町2-1-1208グランステイツ710","株式会社アンサー","4968395905013542","03/27","886366280284"
"平山 あい","ひらやま あい",76,"1947年12月11日","女","B","ai_hirayama@example.co.jp","03-5538-9672","080-4591-5229","149-6255","東京都葛飾区東四つ木1-2-6フォレスティア606","","373198240002114","09/27","380224536922"
"榎田 武志","えのきだ たけし",22,"2001年05月01日","男","A","takeshienokida@example.ne.jp","04-2471-7317","090-9001-4743","267-9906","千葉県市川市柏井町3-1-10","有限会社プロスパー","3536108191773397","07/26","668549572139"
"山本 克志","やまもと かつし",31,"1992年03月29日","男","A","katsushi_yamamoto@example.org","0282-75-1728","080-8364-7076","324-4925","栃木県宇都宮市中今泉1-1-11プラネスーペリア706","有限会社コーケン","370642282767426","11/25","343604152873"
"岩崎 芳子","いわさき よしこ",41,"1982年01月26日","女","O","yoshiko_iwasaki@example.co.jp","0533-04-9250","070-8836-6266","465-3383","愛知県名古屋市守山区大森1-1-8サニーフラット515","有限会社大輝","370895342789919","09/24","750638649909"
"柳原 ひろこ","やなぎはら ひろこ",35,"1988年09月25日","女","B","yanagiharahiroko@example.com","0796-27-1442","070-7402-3417","669-7178","兵庫県神戸市中央区元町通1-3-904","仕黒運輸有限会社","5276283095270078","04/27","742242966607"
"上村 聖","うえむら まさし",80,"1943年04月15日","男","B","uemura415@example.net","06-9079-8020","050-1833-5684","549-4836","大阪府八尾市南太子堂4-2-7","","378901383290676","03/26","843140074800"
"笹原 利行","ささはら としゆき",42,"1981年05月20日","男","A","sasaharatoshiyuki@example.com","0283-38-6113","080-1868-9494","325-0146","栃木県さくら市卯の里1-1-4","合名会社石川商店","376802700013100","11/27","017196720561"
"岸 貴子","きし たかこ",52,"1971年12月17日","女","O","takako_kishi@example.org","03-0765-4695","080-4552-8157","130-1916","東京都三鷹市牟礼2-4-17クレアーレ602","合資会社廣瀬金四郎商店","5373056812016897","04/25","321957687238"
"松下 リサ","まつした りさ",31,"1992年08月29日","女","A","matsushita829@example.com","06-2968-5047","050-2009-4175","565-4966","大阪府大阪市淀川区東三国1-3-13","有限会社セイワ","4622687860163959","05/28","558251955671"
"矢野 弘明","やの ひろあき",48,"1975年11月09日","男","B","yano_hiroaki@example.ne.jp","03-2406-7867","090-5229-6007","106-1058","東京都港区六本木1-2-8","三交厚生車合資会社","5299660385527163","07/25","613545551847"
"今中 潤","いまなか じゆん",64,"1959年01月01日","男","O","jiyun_imanaka@example.ne.jp","03-5770-5424","090-3897-2542","129-8474","東京都港区西麻布3-2-10","","4557848746322552","11/24","077237622050"
"荒井 郁子","あらい いくこ",25,"1998年07月06日","女","A","arai_ikuko@example.ne.jp","03-0183-8521","050-9057-3841","159-9833","東京都千代田区九段北3-1-10","株式会社クラウン","378116205417866","09/25","632359309593"
"日野 智","ひの とも",53,"1970年09月17日","男","AB","tomo_hino@example.org","06-8532-2979","090-9973-8237","571-1209","大阪府阪南市舞1-2-5","株式会社アンサー","3540826896738845","04/25","956357799194"
"大窪 正博","おおくぼ まさひろ",69,"1954年11月24日","男","A","okubo_masahiro@example.net","0493-54-9543","050-4519-9302","347-5203","埼玉県入間市久保稲荷3-1-12","","372939454298927","04/24","565004136206"
"冨永 伸之","とみなが のぶゆき",73,"1950年12月01日","男","B","tominaga121@example.com","03-2505-2043","050-0970-7881","209-4690","東京都小金井市梶野町1-3-4","","371863443117496","04/28","375343312605"
"高橋 絢子","たかはし じゅんこ",80,"1943年01月25日","女","O","takahashi_125@example.co.jp","06-4239-6661","080-9457-2891","547-9859","大阪府大阪市中央区本町1-5-22","","5597981570550714","12/24","184576720878"
"木下 英夫","きのした ひでお",53,"1970年08月17日","男","O","kinoshitahideo@example.net","0436-26-7863","090-2469-5151","283-8743","千葉県浦安市入船1-2-15","株式会社鈴木商店","5206174150957268","10/26","260960656468"
"杉山 宏樹","すぎやま ひろき",76,"1947年09月03日","男","O","sugiyamahiroki@example.com","0299-29-0344","050-8188-1908","306-5602","茨城県つくば市二の宮1-2-7","","4263923837864591","12/26","997678846540"
"垣本 暢子","かきもと のぶこ",44,"1979年04月15日","女","A","nobukokakimoto@example.net","0586-14-9758","070-1405-7422","466-1103","愛知県名古屋市中区大須2-3-8ローレルコート713","株式会社ケンテック","375812484885558","04/26","419003355854"
"安西 克彦","あんざい かつひこ",40,"1983年05月30日","男","AB","anzaikatsuhiko@example.com","0984-67-5486","070-3093-5770","883-1133","宮崎県延岡市大貫町1-4-19","日本創建合同会社","3571650211420448","07/26","285079744012"
"濱野 政勝","はまの まさかつ",78,"1945年03月31日","男","AB","hamano331@example.org","0163-24-4663","080-3032-3860","088-0079","北海道足寄郡足寄町西町3-2-20","","4683468409306144","01/27","817191359573"
"平井 智子","ひらい ともこ",41,"1982年10月07日","女","O","hirai_107@example.net","044-088-4288","070-9297-4295","223-1993","神奈川県川崎市多摩区南生田3-4-306","Ａｎｔｉｃｉａ合同会社","372689198697682","04/28","050123288545"
"高橋 大治","たかはし たいじ",74,"1949年06月12日","男","O","taijitakahashi@example.com","03-4633-5857","070-2104-5661","190-0386","東京都足立区綾瀬1-1-1105","","5130210444327834","08/27","265491032018"
"中村 恵美","なかむら えみ",38,"1985年03月21日","女","O","eminakamura@example.jp","0561-34-0241","090-0466-9907","459-0603","愛知県名古屋市瑞穂区竹田町1-1-508","株式会社ブルーム","375114273374799","07/25","158481161676"
"森 慎也","もり しんや",41,"1982年10月16日","男","B","shinya_mori@example.com","027-416-0703","050-3555-5403","374-0058","群馬県前橋市若宮町2-1-6","株式会社秀和","5224257927243290","06/24","617933829887"
"中村 圭一","なかむら けいいち",75,"1948年01月24日","男","B","nakamurakeiichi@example.ne.jp","06-4436-4247","080-3841-3025","583-0127","大阪府四條畷市岡山東3-3-22","","374322288799253","01/27","551634641790"
"清水 明日香","しみず あすか",73,"1950年08月21日","女","O","shimizu821@example.ne.jp","06-1422-3192","080-8859-0489","557-7764","大阪府大阪市生野区中川1-1-508","","4847287473971655","09/28","930856010284"
"松本 将人","まつもと まさと",55,"1968年01月04日","男","O","masatomatsumoto@example.jp","0247-76-7204","090-7827-9337","973-8536","福島県いわき市中央台飯野2-2-10","合同会社新技術つくば","376992806737593","11/24","264156916860"
"竹内 幸子","たけうち さちこ",50,"1973年10月08日","女","O","takeuchi_108@example.co.jp","03-8279-5382","070-5881-3443","134-4029","東京都港区赤坂2-4-705","有限会社ビッグ","3548017022247941","11/24","915747883422"
"秦野 智士","はたの さとし",42,"1981年10月15日","その他・不明","A","hatanosatoshi@example.co.jp","0165-98-7373","090-2684-2439","091-4763","北海道札幌市豊平区平岸三条4-3-3","","3529634707800183","09/28","199082076124"
"赤木 泰明","あかぎ やすあき",69,"1954年10月26日","男","AB","akagiyasuaki@example.com","03-3532-9346","070-9365-7482","193-4991","東京都中野区中野1-1-8","","3587074966562639","05/28","748328085237"
"大山 謙一","おおやま けんいち",60,"1963年11月22日","男","A","kenichi_oyama@example.ne.jp","03-8976-2400","070-2894-9996","169-2784","東京都港区南青山1-1-508","株式会社大進","3562317947789675","01/28","878892177061"
"小野 弘行","おの ひろゆき",24,"1999年05月22日","男","O","ono522@example.net","03-2739-9429","090-4114-6536","152-9174","東京都目黒区下目黒1-1-9","長谷川工業合名会社","5129156654938468","03/28","817865041582"
"鈴木 幸子","すずき さちこ",55,"1968年01月21日","女","A","sachiko_suzuki@example.ne.jp","03-2660-5782","050-4636-4821","168-1108","東京都港区赤坂1-3-7","有限会社アンビシャス","379120327174461","06/27","977221125774"
"藤井 祐介","ふじい ゆうすけ",68,"1955年09月14日","男","A","fujii_914@example.com","03-3416-5647","090-5039-3019","137-7511","東京都荒川区東日暮里1-3-8","","4309396552992689","11/24","585589868267"
"福島 淳也","ふくしま じゅんや",69,"1954年07月15日","男","A","junyafukushima@example.org","03-0735-4757","090-9307-2682","124-3596","東京都中央区築地1-1-7","","5442989679654458","11/27","777471918290"
"川上 怜子","かわかみ さとこ",37,"1986年05月27日","女","A","kawakami_satoko@example.com","0470-15-4576","050-7745-9542","291-3897","千葉県千葉市中央区中央2-2-8","合資会社三好野","4591620742555693","08/24","019478570107"
"竹内 純","たけうち あや",23,"2000年06月02日","女","O","takeuchi_62@example.net","0220-59-6764","070-6332-1394","987-4223","宮城県仙台市若林区卸町3-5-21","三鳥木材産業合資会社","378662308763276","05/24","736485510873"
"藤本 智彦","ふじもと ともひこ",42,"1981年03月26日","男","O","fujimoto_tomohiko@example.ne.jp","06-2376-6167","090-9212-8052","588-8836","大阪府吹田市千里山西3-1-4グリーンマンション204","太田合名会社","375676089622447","10/25","388433662480"
"小嶋 結花","こじま ゆか",79,"1944年04月06日","女","A","yuka_kojima@example.net","06-7597-3312","090-7235-4434","561-5020","大阪府豊中市豊南町西1-5-22ファインフラッツ512","","5475444463574066","01/25","851261864290"
"丸川 亜衣","まるかわ あい",25,"1998年04月27日","その他・不明","B","ai_marukawa@example.com","06-5374-7454","090-5913-8236","543-5622","大阪府大阪市港区波除3-3-16","株式会社サークル","371270350203402","03/27","458347516992"
"中村 佑梨","なかむら ゆり",72,"1951年03月22日","その他・不明","B","yuri_nakamura@example.co.jp","0799-06-1212","050-5382-0767","662-9760","兵庫県宝塚市平井3-5-101","","5368502308569631","08/26","504308001650"
"大前 美香","おおまえ みか",54,"1969年02月22日","女","B","omae222@example.jp","0137-87-0806","090-0915-5383","006-2366","北海道札幌市東区北丘珠一条1-1-4","株式会社サクセス","4103712487521252","04/27","329335010584"
"岡 俊介","おか しゅんすけ",73,"1950年06月18日","男","A","shunsukeoka@example.org","0187-58-7389","090-9811-6001","016-1458","秋田県秋田市中通3-3-5","","5116975468905255","06/27","991187528387"
"渡辺 麻未","わたなべ まみ",20,"2003年12月25日","女","A","watanabe1225@example.org","0467-39-5348","080-4457-5100","222-0854","神奈川県横須賀市佐野町1-3-16","佐川合名会社","3536654846120666","11/27","272419206024"
"芹田 宏明","せりた ひろあき",34,"1989年12月11日","男","A","hiroakiserita@example.ne.jp","03-6258-3374","070-7352-7085","152-6307","東京都中野区中央1-3-806パインクレスト614","有限会社司","4392383341147815","06/26","522785770966"
"佐藤 和哉","さとう かずや",37,"1986年02月22日","男","A","sato_222@example.net","0823-43-7498","090-4814-7254","737-3638","広島県広島市安佐南区山本2-3-3","有限会社コーワ","374982243567275","02/26","991420120083"
"山口 隆志","やまぐち たかし",35,"1988年12月06日","男","A","yamaguchi_126@example.com","0736-78-2380","050-9841-5040","644-3197","和歌山県和歌山市美園町3-1-14","","5361018522734379","01/24","373852757656"
"鈴木 謙太","すずき けんた",46,"1977年10月03日","その他・不明","O","suzuki_kenta@example.ne.jp","03-7567-6676","070-6550-3105","158-6084","東京都千代田区飯田橋2-2-603","合同会社ＮＤＰ","4410000536224450","02/24","585488384889"
"菱山 みなみ","ひしやま みなみ",23,"2000年11月30日","女","A","minamihishiyama@example.net","0250-73-0645","070-2637-7400","956-0940","新潟県上越市東本町1-3-6","合名会社山本太兵衛商店","5559465171557266","02/25","278609396260"
"武部 宏二","たけべ こうじ",44,"1979年10月25日","男","A","koji_takebe@example.com","083-670-4040","080-5523-7316","753-3720","山口県周南市今宿町4-1-3","エース株式会社","379452948852773","08/25","989275009557"
"徳井 咲子","とくい さきこ",45,"1978年09月09日","女","A","tokui99@example.com","03-8233-7446","090-1768-4520","133-1265","東京都東久留米市幸町2-1-9","株式会社YAMATO","4572991759732357","02/24","090486827407"
"松本 剛","まつもと つよし",20,"2003年12月10日","男","A","matsumoto_tsuyoshi@example.net","03-2701-0066","050-5026-9661","127-7539","東京都港区芝1-1-17サンシティ509","有限会社三栄商事","5557407528438362","10/28","911643704210"
"今村 文彦","いまむら ふみひこ",46,"1977年02月01日","男","O","fumihikoimamura@example.net","03-4813-6557","080-3523-6968","158-7601","東京都中央区勝どき4-1-9","小林商事株式会社","3562593332470184","07/26","811809445699"
"久米 ゆみ","くめ ゆみ",79,"1944年02月06日","女","O","kume_26@example.com","03-6208-6978","080-0072-7524","143-9868","東京都葛飾区金町2-5-8","","371769691863436","11/24","830900828228"
"長野 顕","ながの あきら",73,"1950年07月16日","その他・不明","B","naganoakira@example.net","0466-06-3632","050-4933-9652","236-8242","神奈川県横浜市港南区上永谷2-5-20","","371630112792564","05/24","160449814514"
"内山 裕樹","うちやま ゆうき",62,"1961年03月23日","男","O","yuuki_uchiyama@example.com","03-7906-5319","080-1979-6330","112-0113","東京都新宿区新宿3-2-1201","","5371843837178139","01/25","603390929664"
"貫井 秀法","ぬくい ひでのり",37,"1986年04月12日","その他・不明","A","nukuihidenori@example.net","09496-2-3386","070-0968-7354","808-4595","福岡県福岡市中央区六本松2-4-102","株式会社佐藤建設","377780463349979","04/24","108638330631"
"伊藤 真吾","いとう しんご",52,"1971年08月20日","男","A","shingoito@example.net","03-2292-7250","050-7664-7613","122-4125","東京都目黒区目黒本町1-2-14","有限会社アクティブ","5330466038538578","06/25","614697826716"
"木村 尚子","きむら なおこ",73,"1950年01月05日","女","B","kimura15@example.org","06-1666-6436","050-1547-5090","571-4708","大阪府東大阪市下小阪2-3-4","","379312929778753","05/27","149751557012"
"佐藤 建太","さとう けんた",33,"1990年09月15日","男","A","kentasato@example.net","0284-02-8306","090-2088-2653","377-1803","群馬県桐生市本町3-2-9","合名会社宮川呉服店","371545259103245","06/25","639291344730"
"石田 洋","いしだ ひろし",70,"1953年09月10日","男","O","ishida910@example.net","0586-56-8342","070-0557-1451","450-1016","愛知県名古屋市北区山田町2-4-20リバーガーデン109","","5351824640889785","06/28","000715043084"
"杉浦 和弘","すぎうら かずひろ",37,"1986年02月27日","その他・不明","A","sugiurakazuhiro@example.org","03-0750-8196","070-6389-6564","104-5475","東京都八王子市散田町1-1-20","中村工業株式会社","3561324075355239","11/25","703601904285"
"鈴木 博英","すずき ひろひで",45,"1978年01月31日","男","B","hirohide_suzuki@example.co.jp","03-0025-1689","090-1055-8792","133-2107","東京都足立区鹿浜2-2-7","","3586197451378145","02/27","532823518066"
"藤田 幸子","ふじた さちこ",66,"1957年04月09日","女","A","sachiko_fujita@example.ne.jp","044-624-5049","070-2217-3729","250-8271","神奈川県相模原市南区大野台2-4-14","","373273503708994","11/25","838841229642"
"奥岡 淳一","おくおか じゅんいち",44,"1979年09月09日","男","AB","okuoka99@example.net","0576-67-6653","080-5076-9983","502-0116","岐阜県岐阜市千手堂南町2-1-4","合資会社川島屋商店","4366793036830842","03/25","591984693522"
"金 英人","きむ ひでと",67,"1956年07月27日","男","A","kimuhideto@example.com","0126-31-6405","070-2508-9209","068-8007","北海道札幌市中央区南十条西2-4-8シーサイドプレイス412","","3572598812381049","08/26","875488480002"
"中村 よしみ","なかむら よしみ",38,"1985年02月08日","女","A","nakamura_28@example.jp","03-4776-8644","090-8021-5973","157-8055","東京都大田区蒲田3-4-7","株式会社レインボー","3552094413611533","02/27","473526891568"
"小高 典子","おだか のりこ",63,"1960年04月10日","女","AB","odaka_noriko@example.ne.jp","0744-24-7224","090-7792-7895","639-6230","奈良県香芝市磯壁1-3-20","","3579218897982461","12/24","515328538024"
"岩崎 知美","いわさき さとみ",58,"1965年01月06日","女","B","satomi_iwasaki@example.com","0255-42-3350","080-2043-4629","955-9570","新潟県三条市西四日町3-5-18","株式会社トーホー","378630055766461","11/25","232902952665"
"鈴木 祐子","すずき ゆうこ",60,"1963年05月24日","女","B","suzukiyuuko@example.jp","0562-98-9207","070-3103-7111","461-4713","愛知県名古屋市港区小碓2-5-12","株式会社青山","5349604547610509","05/27","064034083329"
"松井 仁美","まつい ひとみ",48,"1975年10月27日","女","B","hitomimatsui@example.co.jp","046-628-7453","070-4188-5559","245-1379","神奈川県横浜市都筑区東山田1-4-609","常道サービス合資会社","375795854601368","06/24","984209271044"
"進藤 裕子","しんどう ゆうこ",49,"1974年10月06日","女","O","yuukoshindou@example.ne.jp","092-195-3576","090-4517-6405","839-4654","福岡県福岡市中央区天神3-4-16","株式会社アダチ","5423817385113845","09/25","681783615107"
"染谷 真二","そめや しんじ",49,"1974年02月13日","男","O","shinji_someya@example.com","0531-34-6701","090-3215-4801","499-6109","愛知県名古屋市南区豊田1-3-7","","4647242520302216","05/28","277888166183"
"瓦井 太","かわらい ふとし",51,"1972年05月26日","男","A","futoshikawarai@example.com","0985-89-0261","090-7320-2794","882-1004","宮崎県日向市江良町2-3-3","株式会社イノウエ","5584746018832056","10/24","344236888763"
"関川 和仁","せきかわ かずひと",50,"1973年06月26日","男","A","sekikawa626@example.co.jp","06-1313-6313","090-4100-2196","595-9851","大阪府大阪市淀川区新高3-3-20","エステック株式会社","3566063502853540","07/24","160635891944"
"藤井 明広","ふじい あきひろ",58,"1965年04月04日","男","B","fujii_akihiro@example.ne.jp","0257-84-7937","050-5764-0234","947-5745","新潟県三条市鶴田1-2-10","","4364011134323475","05/26","564577914681"
"一ノ瀬 三郎","いちのせ さぶろう",31,"1992年04月17日","男","B","ichinose_417@example.jp","047-920-4281","070-3878-6000","298-1672","千葉県市川市田尻1-2-11","合同会社ＡＵＴＯＭＥＣ","3540367292522624","03/27","365889947568"
"桜井 直樹","さくらい なおき",23,"2000年05月21日","男","O","sakurai_naoki@example.co.jp","03-0471-5612","080-0361-3653","116-0207","東京都目黒区下目黒3-2-507","有限会社鈴木","374808657025882","12/27","041265867586"
"道上 史明","みちがみ ふみあき",27,"1996年01月09日","男","B","fumiaki_michigami@example.org","03-5781-0574","050-0148-2394","171-9588","東京都港区三田4-3-4セラフ110","有限会社イデア","372720265253586","10/26","787971756349"
"伊藤 義治","いとう よしはる",38,"1985年01月25日","男","B","yoshiharu_ito@example.jp","03-3514-3849","050-2225-1961","158-6802","東京都中央区銀座2-4-906サントピア616","株式会社日興","373448591942388","09/27","849912437502"
"西川 梨恵","にしかわ りえ",38,"1985年03月29日","女","O","nishikawa_329@example.ne.jp","06-7581-3283","090-0002-7921","584-6228","大阪府八尾市安中町1-1-907","合同会社上野自動車工業","5279899987045125","02/26","775791593150"
"中村 孝二","なかむら こうじ",27,"1996年08月05日","男","O","nakamurakoji@example.co.jp","0466-15-2174","090-4928-2177","219-4991","神奈川県横須賀市衣笠栄町1-5-4","猪俣商事有限会社","373951350306471","10/25","376163763605"
"辻村 雪乃","つじむら ゆきの",39,"1984年08月03日","女","A","tsujimura_yukino@example.org","0798-13-7329","080-0838-6743","652-0911","兵庫県神戸市中央区熊内橋通1-2-8","有限会社ウイル","4433952677517717","11/24","312514876926"
"深町 智","ふかまち とも",30,"1993年12月22日","男","AB","fukamachi_1222@example.ne.jp","0280-76-3535","050-9689-8619","318-2809","茨城県日立市大みか町2-4-15","株式会社コラボ","4007653079757556","01/27","319845279035"
"齊藤 紀行","さいとう のりゆき",54,"1969年03月22日","男","O","saito_noriyuki@example.org","03-2186-4762","070-3304-0143","148-8066","東京都港区西麻布1-3-3エルグレース215","株式会社善","5338267375363733","12/26","946740854829"
"臼井 育代","うすい いくよ",39,"1984年03月05日","その他・不明","A","usui_ikuyo@example.org","04-6499-2472","070-0389-4156","344-6542","埼玉県八潮市大瀬1-2-404","有限会社たかはし","5587127839195295","10/28","629377518654"
"近藤 純恵","こんどう すみえ",49,"1974年05月01日","女","A","kondou_sumie@example.org","03-6372-2758","070-7594-2116","135-7076","東京都千代田区麹町1-2-4","鈴木産業株式会社","3551941831294220","11/26","123608839563"
"山岸 英","やまぎし すぐる",28,"1995年11月25日","男","B","yamagishi_1125@example.org","0228-23-8824","090-4923-5497","981-3530","宮城県柴田郡柴田町槻木白幡2-3-10グランデ510","株式会社藤","4147754768659086","07/26","454927295505"
"秋本 潔","あきもと きよし",23,"2000年01月01日","男","B","akimoto_kiyoshi@example.co.jp","03-4911-4663","090-7956-0780","197-5688","東京都新宿区高田馬場3-5-5","","3542201618807088","04/27","608290506423"
"高橋 なみ","たかはし なみ",63,"1960年02月10日","女","A","takahashi_nami@example.co.jp","06-4388-7886","070-8758-8601","536-2047","大阪府大阪市旭区新森1-2-19","","372837785702577","01/24","709333582952"
"吾妻 章太","あづま しょうた",70,"1953年07月16日","男","B","azuma716@example.net","03-1584-4025","090-1793-9876","114-4203","東京都北区志茂4-3-6ルモン415","","5178197575841670","09/24","665486950864"
"遠山 大","とおやま だい",51,"1972年05月27日","男","O","daitooyama@example.org","06-1462-7507","070-8132-0625","574-5657","大阪府大阪市東成区神路1-4-601エスプリ602","有限会社清水商店","5429610187892441","06/27","644441559040"
"亀田 泰雄","かめだ やすお",72,"1951年06月28日","男","B","kameda_628@example.co.jp","03-3149-6694","090-2890-3957","187-3813","東京都江東区東陽3-1-6","","373580995815180","02/25","366398293104"
"川口 しんじ","かわぐち しんじ",26,"1997年08月23日","男","B","kawaguchi_823@example.org","09496-5-1193","080-7948-9597","806-8267","福岡県福岡市博多区那珂2-5-208","有限会社ヤマシタ","371395322038758","11/25","209902355061"
"山田 透","やまだ とおる",52,"1971年06月01日","男","A","yamada_tooru@example.ne.jp","0774-95-8183","080-0145-2297","627-6250","京都府京都市東山区大和大路通四条下る1-1-7","株式会社凛","5480453568219561","01/26","991768147198"
"清水 秀久","しみず ひでひさ",62,"1961年05月04日","男","O","hidehisashimizu@example.co.jp","0563-05-5760","090-8831-5311","496-3949","愛知県名古屋市守山区大森3-3-5","","3529347695277880","02/28","328718283790"
"廣本 真之","ひろもと まさゆき",76,"1947年12月24日","男","A","masayukihiromoto@example.jp","0136-15-8501","050-0380-7574","066-6847","北海道札幌市東区東雁来十条2-2-3","","5516701115116583","03/26","630445618350"
"上田 力","うえだ つとむ",46,"1977年08月11日","男","A","tsutomuueda@example.com","0242-07-0047","070-2455-1130","976-7760","福島県郡山市小原田1-2-15","有限会社イワサキ","375794782080779","07/26","859041086808"
"嘉山 仁美","かやま ひとみ",40,"1983年07月12日","女","B","kayamahitomi@example.net","0494-00-8339","080-0563-7391","346-4536","埼玉県本庄市日の出3-3-7","","376352476315214","11/25","751578281440"
"後田 弘美","うしろだ ひろみ",41,"1982年06月30日","女","AB","hiromiushiroda@example.co.jp","03-0227-0243","050-9935-9241","188-5172","東京都港区六本木2-1-21","有限会社パッション","3572625170861047","11/25","210471830598"
"山口 沙織","やまぐち さおり",34,"1989年01月25日","女","A","yamaguchisaori@example.net","0977-70-2121","080-8852-3645","871-5684","大分県大分市富士見が丘西2-2-8シティテラス106","株式会社瑞穂","5302107346152819","06/27","689293369303"
"高田 孝之","たかだ たかゆき",52,"1971年04月21日","男","A","takayuki_takada@example.net","0798-70-3203","080-0751-4974","667-5725","兵庫県神戸市須磨区青葉町2-3-5","岡部合名会社","370445857855844","01/26","000885730353"
"小池 眞","こいけ まこと",21,"2002年06月02日","男","O","makoto_koike@example.co.jp","0226-00-5223","090-7982-6707","985-9907","宮城県多賀城市下馬3-3-8","ライフサポート株式会社","4352135256867854","11/26","038069981752"
"岡田 忠雄","おかだ ただお",66,"1957年11月04日","男","B","tadaookada@example.ne.jp","06-1671-3513","070-0173-4474","541-4885","大阪府大阪市中央区南船場2-1-7","","5235989422719039","12/26","854936095860"
"岡田 卓","おかだ すぐる",71,"1952年11月16日","男","A","okada_1116@example.ne.jp","03-8132-9202","090-0410-9946","207-4198","東京都世田谷区上北沢1-4-105","","3576567296841642","05/27","866577087455"
"角田 暁","つのだ あき",62,"1961年12月25日","男","O","tsunoda_aki@example.jp","03-8114-8478","070-8576-4619","135-9059","東京都足立区南花畑1-3-6","","376830018260303","05/26","725938118552"
"佐原 俊哉","さはら としや",28,"1995年11月15日","男","A","sahara_1115@example.org","045-675-3268","070-3706-6467","246-2609","神奈川県横浜市西区みなとみらい3-5-3","有限会社新井商店","3585391079612099","09/26","503996751130"
"吉田 ようこ","よしだ ようこ",47,"1976年12月09日","女","B","yoshida_youko@example.net","025-010-5704","090-6977-8679","955-5912","新潟県新潟市東区山木戸4-2-10セザール516","株式会社タケダ","377162291615584","11/28","724097857090"
"菊井 由典","きくい ゆきのり",66,"1957年11月16日","男","B","kikui_yukinori@example.jp","0254-27-7711","070-8993-1219","943-4488","新潟県柏崎市松波1-5-701","","3572953154647418","05/26","755951454584"
"田口 慶太郎","たぐち けいたろう",48,"1975年11月11日","男","A","taguchikeitarou@example.net","0463-53-6302","050-9663-1934","249-8893","神奈川県横浜市港南区日限山3-4-12ザ・ステイツ109","順盛塑膠貿易合同会社","5368954744691422","11/28","864935687947"
"弘中 恵子","ひろなか けいこ",44,"1979年03月15日","女","O","hironaka315@example.org","0823-20-6036","070-1676-0805","729-2948","広島県安芸郡府中町本町3-3-19ハイツオークラ108","さくら土地開発合同会社","3528673482022226","02/24","880660006303"
"小野寺 陽子","おのでら ようこ",66,"1957年11月28日","女","O","onoderayouko@example.com","03-3562-3460","080-7186-9347","126-6882","東京都渋谷区千駄ヶ谷2-3-4","","3551238930143790","09/27","094675201093"
"松本 翔太","まつもと しょうた",63,"1960年12月14日","男","A","shouta_matsumoto@example.jp","042-218-8123","050-1310-3294","364-4491","埼玉県草加市吉町3-1-5","","3569535101389932","09/26","644399160469"
"岩井 昌宏","いわい まさひろ",37,"1986年06月30日","男","A","iwai_masahiro@example.co.jp","03-6074-8410","090-9087-4362","104-8815","東京都中野区江古田1-2-10","株式会社マルナカ","5392486167804075","02/24","206789750553"
"小池 知夏","こいけ ちか",70,"1953年01月10日","女","B","chikakoike@example.org","06-1666-6384","080-1456-3073","577-2701","大阪府大阪市淀川区西三国1-2-11","","4466504767863665","06/24","446327290710"
"井上 敏雄","いのうえ としお",69,"1954年02月20日","男","A","toshio_inoue@example.co.jp","0948-20-4560","050-2250-1580","809-8944","福岡県北九州市八幡西区茶屋の原1-5-404ザ・ライオンズ106","","372252660424646","10/25","192497246187"
"遠藤 裕子","えんどう ゆうこ",22,"2001年07月10日","女","B","yuuko_endou@example.com","0596-71-3268","090-2795-0673","516-7322","三重県鈴鹿市稲生2-5-20イニシオ102","鈴木建設株式会社","4618187511638661","02/24","944685975767"
"夜久 泰介","やく たいすけ",44,"1979年06月09日","その他・不明","O","yaku_69@example.net","045-725-0899","090-1722-1061","218-4911","神奈川県横浜市中区太田町3-5-407グリーンスクエア707","株式会社TKC","4548066957858592","11/24","701962398659"
"田口 恭一","たぐち きょういち",50,"1973年05月05日","その他・不明","O","kyouichitaguchi@example.ne.jp","0163-17-1966","090-9721-1194","087-0318","北海道札幌市東区北三十六条東3-4-9","株式会社ALIVE","379445738317510","07/25","931519449963"
"落合 幸子","おちあい さちこ",74,"1949年11月25日","その他・不明","A","ochiai1125@example.co.jp","03-3399-1699","070-4194-4937","205-0251","東京都墨田区江東橋1-3-5メゾンドール512","","5330466777058820","05/27","992215586955"
"奥野 佑紀","おくの ゆき",40,"1983年01月01日","女","A","okunoyuki@example.net","092-410-7958","090-8425-1239","802-0103","福岡県福岡市博多区博多駅前3-1-8","有限会社山田屋","372994261878585","06/28","857414478822"
"上杉 亘","うえすぎ わたる",77,"1946年11月23日","男","O","wataruuesugi@example.ne.jp","03-0671-3386","090-3928-3524","164-5917","東京都葛飾区白鳥3-4-18","","5511867097933280","11/26","198086393233"
"若佐 みどり","わかさ みどり",65,"1958年10月20日","女","O","midoriwakasa@example.net","0494-41-2100","080-0033-4061","354-0786","埼玉県さいたま市南区白幡3-4-601ニチモグリーンタウン501","","379478502785356","01/27","630147710171"
"高橋 恵介","たかはし けいすけ",29,"1994年02月05日","男","A","takahashi_25@example.net","076-776-7478","050-9653-8829","923-6826","石川県白山市鶴来本町2-4-302","株式会社M＆T","5509516243278850","11/28","045508293325"
"千原 良介","ちはら りょうすけ",25,"1998年08月18日","男","O","ryousukechihara@example.ne.jp","06-7632-5945","070-9296-7639","548-5180","大阪府大阪市東淀川区豊新2-4-109","株式会社ライトスタッフ","376374530954648","07/25","245287382157"
"山内 浩之","やまうち ひろゆき",23,"2000年08月26日","男","AB","hiroyuki_yamauchi@example.ne.jp","0463-61-4260","070-1998-7714","237-6583","神奈川県川崎市川崎区藤崎1-5-11","株式会社大信","5489532975054223","02/25","791467435946"
"高橋 克也","たかはし かつや",50,"1973年02月13日","男","A","takahashikatsuya@example.jp","0564-89-8514","080-3368-4079","446-3649","愛知県碧南市福清水町2-3-19","有限会社マルヤマ","4550847201217825","08/24","848135672431"
"竹内 香織","たけうち かおり",76,"1947年10月30日","女","A","takeuchi1030@example.com","0558-75-9825","090-8266-0519","412-8516","静岡県静岡市清水区追分3-3-9レイセニット111","","374142633830102","01/28","394839459406"
"船井 友子","ふない ともこ",61,"1962年02月05日","女","B","funai_tomoko@example.jp","0798-09-7515","090-4331-2954","678-7284","兵庫県姫路市飾磨区構1-1-8","","4264708972731179","01/25","434355892840"
"横山 浩美","よこやま ひろみ",57,"1966年11月14日","女","B","yokoyama_hiromi@example.com","0790-15-0720","070-0863-1903","666-0720","兵庫県尼崎市西難波町1-4-18","合同会社ダイニ","376309839428621","12/25","373415680644"
"安井 朗子","やすい あきこ",29,"1994年06月15日","女","O","yasui_615@example.ne.jp","03-8365-1776","080-3602-3935","119-0537","東京都江戸川区篠崎町2-3-3","アシスト株式会社","4806078506844467","08/26","245155974950"
"千葉 慶和","ちば よしかず",28,"1995年10月05日","男","A","yoshikazuchiba@example.co.jp","03-4380-7460","090-4459-0786","107-7995","東京都府中市西原町1-1-7","宮原瓦工業有限会社","4323589381373376","03/24","549246751244"
"宮田 れいこ","みやた れいこ",23,"2000年02月13日","女","A","reiko_miyata@example.org","08387-6-7019","070-7010-5132","758-5963","山口県岩国市室の木町1-3-8","有限会社ティーズ","3563393246503314","03/24","395835239696"
"黒沢 翔子","くろさわ しょうこ",64,"1959年03月04日","女","A","kurosawashouko@example.jp","01374-1-1240","080-0555-7943","056-2198","北海道札幌市厚別区厚別南4-2-5レオ709","","370395180814168","09/27","992655569564"
"山田 真司","やまだ しんじ",52,"1971年02月04日","男","O","yamada24@example.jp","0153-89-5890","080-8574-2942","090-0639","北海道札幌市中央区南十九条西3-5-21","株式会社ITO","374218914054503","07/26","777229404673"
"小山 洋三","こやま ようぞう",22,"2001年02月17日","その他・不明","B","youzou_koyama@example.com","0466-84-3986","050-5254-5053","215-8186","神奈川県横浜市中区麦田町1-4-704","","379276926722959","07/28","198543391802"
"谷口 知枝","たにぐち ちえ",28,"1995年09月28日","女","O","taniguchichie@example.jp","03-6150-4506","070-0573-4240","129-2958","東京都荒川区西尾久1-2-3","合資会社入屋商店","5219539897954981","10/25","820405310306"
"藤本 久男","ふじもと ひさお",53,"1970年09月24日","男","A","fujimotohisao@example.com","03-3674-7477","070-6448-9273","197-7177","東京都台東区根岸3-3-104","","5453411187709449","05/25","312761844760"
"野田 園子","のだ そのこ",44,"1979年06月01日","女","B","sonokonoda@example.co.jp","0895-14-6384","090-8743-5547","791-8515","愛媛県松山市湊町1-2-8","株式会社たちばな","5394316757610426","06/28","822818742860"
"岩崎 和洋","いわさき かずひろ",80,"1943年08月16日","男","B","iwasakikazuhiro@example.org","03-1517-9384","070-9629-9691","102-5712","東京都中央区八丁堀4-1-4ロイヤルシャトー801","","3556557720500777","10/24","354461933048"
"松原 美恵子","まつばら みえこ",54,"1969年01月15日","女","A","mieko_matsubara@example.ne.jp","06-9183-3940","090-6282-8823","597-6875","大阪府八尾市植松町1-1-17マンハイム309","有限会社サンシャイン","3548493481430882","02/25","854130761720"
"疋田 博明","ひきた ひろあき",25,"1998年09月22日","男","O","hikita_hiroaki@example.net","06-1437-1141","070-9187-8880","590-0796","大阪府羽曳野市野々上2-1-14","株式会社ヤスダ","4259623540355137","05/27","227297496870"
"伊藤 佳宏","いとう よしひろ",44,"1979年10月30日","男","B","ito_yoshihiro@example.jp","03-7685-2427","070-1002-9490","165-5826","東京都港区虎ノ門1-5-102","合資会社草間電機商会","371001555057115","09/26","478411905346"
"谷田部 啓太郎","やたべ けいたろう",34,"1989年06月06日","男","O","yatabe_66@example.co.jp","03-3426-9645","080-2253-2587","195-6659","東京都港区虎ノ門1-2-5","山本工業株式会社","371702537876254","11/28","879445522203"
"松川 実","まつかわ みのる",38,"1985年09月25日","男","A","minoru_matsukawa@example.org","03-4168-6075","080-4659-6804","148-2208","東京都中央区日本橋室町4-3-6ベルヴィ110","株式会社丸善","3580907490729413","04/27","122249851505"
"緑川 慶","みどりかわ けい",76,"1947年02月17日","男","AB","midorikawa_kei@example.com","0794-73-0360","070-3372-8239","665-5499","兵庫県神戸市中央区栄町通3-2-10","","3529341841686516","03/24","907726614690"
"藤原 英徳","ふじわら ひでのり",30,"1993年06月21日","男","O","fujiwara_621@example.org","03-1283-6739","070-6317-7285","122-2148","東京都港区高輪2-4-12グリーンコーポ110","有限会社タケダ","3584317524051949","10/27","777200864420"
"角田 翔吾","つのだ しょうご",76,"1947年05月30日","男","O","tsunoda_shougo@example.ne.jp","06-9590-2411","050-5342-8147","596-7812","大阪府東大阪市若江東町1-1-9レピア808","","374612550586747","01/26","138045384316"
"大塚 有希子","おおつか ゆきこ",31,"1992年03月10日","女","A","otsukayukiko@example.co.jp","0224-02-0290","080-0454-7833","985-3474","宮城県栗原市築館薬師4-3-7","株式会社楽","4323424030793107","07/26","935807381864"
"安藤 智裕","あんどう ともひろ",34,"1989年05月14日","男","B","tomohiroandou@example.org","0946-62-8292","070-0422-8450","838-8227","福岡県春日市一の谷3-3-15","株式会社ウィル","3566466335288034","06/25","533861038813"
"山崎 武則","やまざき たけのり",24,"1999年03月12日","男","B","takenori_yamazaki@example.ne.jp","0563-51-2104","050-5556-1687","497-9963","愛知県名古屋市北区杉栄町1-4-19ルジェンテ・リベル209","株式会社リバース","374939228258965","10/27","670965436770"
"北爪 拓哉","きたづめ たくや",35,"1988年12月21日","男","A","kitazume_takuya@example.org","0439-44-6578","080-8711-5266","295-8294","千葉県市川市市川2-5-7","有限会社ルーツ","3580497933524498","10/27","889086069226"
"時松 紀子","ときまつ のりこ",35,"1988年01月28日","女","A","tokimatsu_noriko@example.jp","044-197-6846","090-4011-7108","219-2833","神奈川県厚木市中町3-4-17","有限会社マインド","4681671199380763","04/27","942055303369"
"福井 綾子","ふくい あやこ",80,"1943年01月31日","女","B","fukui_131@example.jp","093-398-9458","070-7804-8833","833-8912","福岡県福岡市博多区住吉3-1-7","","5584942556083620","07/27","078489289538"
"飯山 努","いいやま つとむ",52,"1970年12月27日","男","A","tsutomu_iiyama@example.com","0556-26-8973","080-3237-0548","405-6416","山梨県富士吉田市中曽根3-1-6","有限会社あすなろ","378794399127507","08/24","052025956842"
"田中 さちこ","たなか さちこ",38,"1985年05月07日","女","A","tanaka57@example.com","0480-42-4326","050-7066-0086","354-2926","埼玉県入間市久保稲荷4-2-3","紳栄有限会社","5154798814509818","11/24","433566548708"
"渡辺 浩一郎","わたなべ こういちろう",28,"1995年06月30日","男","B","watanabekoichirou@example.jp","0463-17-9358","070-1915-3761","213-6061","神奈川県横浜市鶴見区北寺尾2-2-7","株式会社ナカシマ","4617631705328564","12/28","547290158515"
"照井 清美","てるい きよみ",49,"1974年11月28日","女","A","terui1128@example.ne.jp","06-2220-7637","080-7674-5245","578-6889","大阪府大阪市中央区南船場1-4-16","株式会社リンケージ","4531146418223054","07/27","129468176826"
"山本 真章","やまもと まさあき",67,"1956年06月21日","男","A","masaakiyamamoto@example.co.jp","0846-02-3666","080-8965-8861","733-5113","広島県広島市東区戸坂大上4-1-5ジオ304","","374235970989893","09/24","120040420784"
"前田 真由美","まえだ まゆみ",61,"1962年04月19日","女","B","maedamayumi@example.jp","0143-71-1958","070-5684-9908","004-1559","北海道札幌市中央区南七条西1-5-8","","4070277599658656","11/25","629914568108"
"柳本 真由美","やなぎもと まゆみ",43,"1980年10月08日","女","O","yanagimoto108@example.com","076-877-2663","050-1117-1863","920-1171","石川県鳳珠郡能登町字崎山3-3-6","合名会社小野瀬電機商会","377516939250940","10/28","017147396406"
"吉田 亮介","よしだ りょうすけ",70,"1953年09月13日","男","AB","ryousukeyoshida@example.org","0166-92-7163","090-7089-0490","096-5732","北海道札幌市西区発寒九条2-3-5","","3531735321756218","01/25","526003987061"
"市川 みゆき","いちかわ みゆき",42,"1981年03月13日","女","B","ichikawa_313@example.com","03-8703-6902","080-4297-1311","202-1373","東京都港区虎ノ門1-4-12","株式会社ルーツ","3530131021430216","06/24","944938428644"
"星野 武志","ほしの たけし",68,"1955年11月29日","男","B","takeshi_hoshino@example.ne.jp","03-0780-0662","080-3254-9859","103-6397","東京都江東区三好3-4-708","","3539461232506251","03/26","953816719787"
"島村 恵里奈","しまむら えりな",20,"2003年10月24日","女","A","erina_shimamura@example.com","03-6354-3374","080-4170-7444","104-6279","東京都港区新橋1-5-22","油屋旅舘合名会社","4194414592733738","09/24","103369949091"
"原 健","はら けん",61,"1962年11月26日","男","B","ken_hara@example.ne.jp","0829-90-7643","070-5120-8059","726-2706","広島県広島市安佐北区落合南2-2-207","","3551126340309467","12/25","745670030143"
"岡田 大輔","おかだ だいすけ",80,"1943年09月16日","男","B","daisukeokada@example.org","0466-59-7128","070-3748-2213","237-0550","神奈川県藤沢市鵠沼松が岡2-3-9","","4038763308271049","05/24","907795696674"
"古川 真史","ふるかわ まさし",52,"1971年10月24日","男","A","masashifurukawa@example.jp","03-1182-3563","080-2088-3191","107-5238","東京都江戸川区西一之江3-1-4","丸壹合名会社","374496652308089","03/25","900101040977"
"安藤 景子","あんどう けいこ",68,"1955年05月21日","女","A","keikoandou@example.co.jp","0531-07-2925","090-6138-3469","481-1506","愛知県一宮市せんい2-1-3","","3570858353279198","07/27","430035264587"
"小林 正恵","こばやし まさえ",56,"1967年08月24日","その他・不明","A","kobayashimasae@example.ne.jp","03-9651-0554","080-5410-7721","127-8227","東京都北区東十条1-5-11パレロワイヤル212","有限会社サンクリエイト","378290816859996","07/26","258142888677"
"鍵山 圭子","かぎやま けいこ",47,"1976年09月28日","女","A","kagiyama_928@example.org","0790-91-5118","090-7023-6585","665-4890","兵庫県神戸市灘区深田町2-1-5ロイヤルマンション305","合名会社齊藤養兎所","4774752459314789","01/28","303193879970"
"佐々木 正治","ささき せいじ",53,"1970年12月02日","男","O","sasakiseiji@example.com","06-5942-1728","070-5118-2979","567-3869","大阪府大阪市中央区道修町3-5-707","有限会社フレンド","5451795043690104","01/25","227738623171"
"中川 佑子","なかがわ ゆうこ",32,"1991年03月28日","女","B","yuuko_nakagawa@example.net","0438-77-4150","090-7915-3431","286-4317","千葉県成田市公津の杜2-4-10","有限会社アラキ","370998484255713","04/26","241649359129"
"熊本 かおる","くまもと かおる",67,"1956年11月23日","女","A","kaorukumamoto@example.co.jp","0144-62-4677","080-6440-3173","065-4461","北海道札幌市清田区真栄五条1-5-14","","3586236356878054","06/25","363061580706"
"田口 正裕","たぐち まさひろ",67,"1956年12月24日","男","O","taguchi_1224@example.ne.jp","0930-57-5713","080-6215-6185","806-9022","福岡県福岡市東区箱崎2-2-5","","3552344717430472","02/24","692633911524"
"村瀬 絵美","むらせ えみ",72,"1951年04月28日","女","A","murase428@example.co.jp","06-3536-5892","050-0554-3143","559-7460","大阪府和泉市いぶき野3-1-17","","4293046487771330","06/26","476980844280"
"横山 研","よこやま けん",50,"1973年06月01日","男","A","kenyokoyama@example.org","06-2001-8316","050-2064-6040","560-1658","大阪府大阪市淀川区西中島3-5-18","合名会社八百末商店","5492289925823141","06/27","487498855250"
"高橋 俊輔","たかはし しゅんすけ",76,"1947年10月22日","その他・不明","A","takahashishunsuke@example.ne.jp","0531-00-4705","070-7875-3395","460-7672","愛知県豊田市柿本町3-1-8","","4629674932217248","09/28","860042186227"
"間中 誠二","まなか せいじ",66,"1957年09月24日","男","AB","seijimanaka@example.com","06-4796-3430","070-0480-2825","577-1205","大阪府大阪市住吉区長居東3-2-16","","4787474831218407","07/27","959099815707"
"高澤 みどり","たかざわ みどり",39,"1984年06月22日","女","O","takazawa_622@example.com","06-4661-9709","080-2073-9082","571-1148","大阪府東大阪市菱江2-2-3マストメゾン311","有限会社エバーグリーン","4431408245433038","05/28","323287710341"
"足立 あさみ","あだち あさみ",69,"1954年09月09日","女","A","adachi_99@example.co.jp","03-4523-6226","050-4379-2785","156-8596","東京都品川区東五反田1-5-301","","375343428293592","04/28","190125023332"
"鈴木 麻樹","すずき まき",24,"1999年06月03日","女","A","suzuki_63@example.ne.jp","093-458-4713","050-9935-4837","836-7908","福岡県福岡市早良区西新1-5-12","有限会社丸福","3540665212495882","11/24","801842852288"
"安藤 秀朗","あんどう ひでお",75,"1948年04月29日","男","O","andouhideo@example.ne.jp","0949-17-5359","090-2986-6149","800-6043","福岡県福岡市博多区麦野1-3-7","","5564904719172983","11/25","254594225246"
"仲西 広美","なかにし ひろみ",77,"1946年03月03日","女","A","hirominakanishi@example.org","096-034-1561","050-7357-7693","866-6610","熊本県熊本市北区清水万石1-2-6シティハウス516","","5440783307627461","06/24","094207474570"
"藤倉 典大","ふじくら のりひろ",80,"1943年06月12日","男","B","fujikura612@example.net","045-314-6486","070-2196-5093","259-4692","神奈川県海老名市杉久保北3-2-10","","4394029976748629","12/28","363354572325"
"山口 友美","やまぐち ゆみ",23,"2000年11月25日","女","O","yumi_yamaguchi@example.org","0229-17-0443","080-6710-6423","986-2844","宮城県仙台市青葉区一番町3-5-5","鍛冶春建設有限会社","3560185517430182","11/25","194986921000"
"阿部 かおり","あべ かおり",74,"1949年11月12日","女","O","abekaori@example.com","03-5483-2567","080-7027-2369","161-2998","東京都中央区月島1-2-404","","3550330794064476","03/27","899405455938"
"平田 一成","ひらた いっせい",50,"1973年10月20日","男","O","isseihirata@example.net","03-8826-2537","070-8412-9443","201-9441","東京都新宿区下落合1-5-4レ・ジェイド215","株式会社GEN","4651045121925068","07/24","037556163171"
"増本 沙織","ますもと さおり",75,"1948年05月23日","女","AB","masumoto523@example.co.jp","03-0052-0867","090-3720-3022","180-2643","東京都荒川区西日暮里2-3-8","","379403766738016","11/26","826175267846"
"田中 一郎","たなか いちろう",36,"1987年02月07日","男","B","tanaka27@example.ne.jp","03-3096-4074","090-5545-2818","121-9101","東京都台東区浅草橋2-2-11","株式会社ビーンズ","5135933769066282","03/26","142106497965"
"清水 たかし","しみず まさし",27,"1996年12月19日","男","AB","shimizu_1219@example.ne.jp","01377-0-7248","090-4317-2942","071-6820","北海道旭川市四条通2-2-6","","5475430810183271","10/25","384205417535"
"伊藤 直人","いとう なおと",45,"1978年03月27日","男","A","ito_naoto@example.co.jp","06-3243-5476","070-3883-5488","564-3942","大阪府大阪市中央区難波1-2-13シティテラス604","株式会社アッシュ","5393673627312034","02/27","684815132439"
"牧口 麻美","まきぐち あさみ",25,"1998年03月22日","女","B","asamimakiguchi@example.ne.jp","03-3219-9585","050-2681-5206","111-8825","東京都豊島区東池袋3-2-20","有限会社橋本製作所","372497603494301","01/28","760515598078"
"宮下 美雪","みやした みゆき",63,"1960年05月05日","女","A","miyukimiyashita@example.com","03-1476-8831","080-7416-7872","150-2480","東京都新宿区西新宿2-2-6リッチライフ604","","4266165839850544","01/28","417356761446"
"岸井 妙","きしい たえ",22,"2001年02月24日","女","A","kishiitae@example.jp","03-4432-3156","090-1959-3359","116-2243","東京都江東区豊洲3-4-4","株式会社ミユキ","370769637949076","11/24","260468538204"
"鈴木 裕史","すずき ひろふみ",63,"1960年07月08日","男","A","hirofumisuzuki@example.net","0798-64-5084","090-9959-2013","669-0435","兵庫県神戸市垂水区西舞子2-1-6","","4520256821068054","02/27","109577108643"
"小野 章弘","おの あきひろ",56,"1967年06月20日","男","O","onoakihiro@example.com","092-244-0993","090-2992-0750","833-0904","福岡県福岡市城南区七隈1-4-11","有限会社ケイズ","377154595003336","05/28","195567574526"
"高橋 佳子","たかはし よしこ",35,"1988年01月10日","女","A","takahashiyoshiko@example.org","0893-09-0978","070-3511-2943","797-4555","愛媛県今治市小泉3-2-5","株式会社中村屋","5150966512521450","09/26","524119364301"
"溝渕 晃司","みぞぶち こうじ",46,"1977年09月13日","男","A","mizobuchikoji@example.com","03-0499-8281","050-2102-8177","110-6337","東京都足立区青井1-3-8ジオグランデ110","合名会社さつて屋商店","5224126225765512","10/24","163704293360"
"砂原 奈津美","すなはら なつみ",49,"1974年06月19日","女","B","natsumi_sunahara@example.com","03-5379-5073","090-7068-9320","150-2716","東京都大田区下丸子2-5-18","株式会社カラーズ","3555758683500454","08/26","790383897280"
"上江洲 純子","うえず じゅんこ",76,"1947年06月08日","女","A","uezu_68@example.co.jp","03-3597-2275","090-9319-7897","144-6594","東京都千代田区麹町2-2-14","","379473165247950","01/28","521138637077"
"相澤 結子","あいざわ ゆうこ",52,"1971年01月01日","女","O","aizawa11@example.net","03-5982-4652","090-6057-6807","186-3009","東京都大田区蒲田4-2-8","ＡＨＭＥＤ","4870135704450496","03/24","740241328140"
"井出 直子","いで なおこ",33,"1990年07月17日","女","O","ide_717@example.org","0465-73-3502","050-4236-5183","243-4029","神奈川県横浜市西区みなとみらい3-5-3","合名会社精和技研","3570486132624110","12/25","455233394731"
"上田 孝幸","うえだ たかゆき",48,"1975年06月25日","男","A","takayukiueda@example.co.jp","06-2657-1737","090-5454-8080","586-7832","大阪府南河内郡河南町さくら坂3-1-22","株式会社ベストライフ","374754164787988","02/27","141449377845"
"吉良 三保子","きら みおこ",69,"1954年06月29日","女","O","kira629@example.jp","0493-31-5577","090-5013-3165","366-5919","埼玉県川口市並木3-2-3","","4489652454017526","05/25","613141035900"
"高松 文徳","たかまつ ふみのり",65,"1958年03月19日","男","A","fuminoritakamatsu@example.ne.jp","047-046-8353","070-5166-4102","295-6126","千葉県市川市南八幡1-3-21","","3552652906515816","01/25","617840537967"
"高橋 祐太郎","たかはし ゆうたろう",38,"1985年06月06日","男","A","takahashi_66@example.org","0494-40-8124","070-6872-5820","333-0352","埼玉県上尾市中妻3-2-4","","3535608749766935","12/27","730145954213"
"諸井 悠介","もろい ゆうすけ",80,"1943年10月22日","男","B","moroi_yuusuke@example.org","048-703-1429","070-2867-7739","344-9225","埼玉県熊谷市銀座1-2-18","","4705197424700312","02/26","995032777025"
"岩井 俊","いわい しゅん",65,"1958年05月21日","男","A","shuniwai@example.co.jp","03-7788-6775","050-8459-7168","153-0960","東京都渋谷区恵比寿3-5-17","","4447975614639736","10/28","811807460062"
"関根 裕子","せきね ゆうこ",50,"1973年10月25日","女","B","sekine1025@example.com","0946-09-1573","050-5328-3491","806-1313","福岡県那珂川市仲2-3-10","合資会社下館中央青果食品市場","5327112987645270","01/28","876526409640"
"松村 直樹","まつむら なおき",64,"1959年08月13日","男","B","naokimatsumura@example.com","011-383-8140","070-5295-3526","090-1390","北海道札幌市東区伏古八条2-5-906","","3548435712939892","06/27","028823992051"
"峯田 瞳","みねた ひとみ",34,"1989年07月05日","女","A","hitomimineta@example.jp","03-3080-8929","070-1396-3472","205-6131","東京都港区高輪2-5-15バンベール314","合資会社グレース","3552799343987726","12/24","623935797877"
"高津 崇","たかつ たかし",73,"1950年02月09日","男","O","takashitakatsu@example.net","03-0415-8941","090-8660-8293","133-5071","東京都豊島区池袋1-2-14","","374872323872564","08/27","441796139362"
"曽根原 哲也","そねはら てつや",73,"1950年02月17日","男","AB","tetsuyasonehara@example.net","0795-29-2849","080-4685-3883","679-7414","兵庫県川西市大和西3-3-602","","379426920178340","06/26","792194773963"
"池田 洋之","いけだ ひろゆき",80,"1943年10月06日","男","A","hiroyukiikeda@example.com","0796-50-6069","050-3396-0831","662-9289","兵庫県川西市南花屋敷1-3-3サンワプラザ506","","3558237188202202","12/26","120199835705"
"西久保 正寛","にしくぼ まさひろ",22,"2001年10月25日","男","A","masahiro_nishikubo@example.ne.jp","0465-39-5754","090-0946-4506","228-3640","神奈川県横浜市中区弥生町3-3-10","有限会社ユニバース","5110535704358150","12/28","643803271486"
"齋木 慎也","さいき しんや",71,"1952年05月18日","男","O","shinyasaiki@example.net","046-400-0587","090-3099-7176","214-1069","神奈川県相模原市南区東大沼1-2-9","","5548855355525333","06/27","943096631997"
"永井 愛","ながい あい",78,"1945年02月19日","女","B","ainagai@example.ne.jp","03-2681-5829","070-5811-7360","115-5520","東京都千代田区飯田橋3-3-13プラネ216","","371396039697415","09/25","887648241040"
"橋本 美幸","はしもと みゆき",21,"2002年10月14日","女","A","hashimotomiyuki@example.com","0192-35-7307","070-3379-2080","023-7792","岩手県盛岡市みたけ1-2-20","株式会社東商","377975133341410","07/25","305782522901"
"吉田 杏子","よしだ きょうこ",58,"1965年12月08日","その他・不明","O","kyouko_yoshida@example.ne.jp","06-9989-0232","090-8498-6425","575-6124","大阪府大阪市西区九条南2-3-6","","3558990300139021","02/25","793251561290"
"新城 慶","しんじょう けい",46,"1977年05月23日","男","A","shinjou_kei@example.co.jp","0174-60-8264","090-7052-0412","033-6296","青森県弘前市大字門外2-2-105","","4770106368641234","07/24","701856746540"
"嶋野 隆也","しまの たかや",73,"1950年02月26日","男","A","shimano_takaya@example.com","0969-63-1703","080-2627-4559","864-7882","熊本県熊本市東区桜木3-2-7","","3539498015523079","07/28","190886616280"
"寺岡 洋二","てらおか ようじ",29,"1994年06月12日","男","O","teraoka_youji@example.ne.jp","06-9730-3670","070-2568-3087","557-0909","大阪府大阪市平野区長吉長原3-3-7","","4374079346826518","03/24","123114100514"
"利光 貴士","としみつ たかし",72,"1951年02月20日","男","A","toshimitsu_takashi@example.net","01457-4-4811","050-8035-6724","094-6845","北海道札幌市北区北九条西1-3-9","","5207952460974183","03/28","155685563448"
"関口 浩三","せきぐち こうぞう",56,"1966年12月31日","男","A","kozousekiguchi@example.com","0884-93-7839","090-4139-4706","778-8061","徳島県徳島市西大工町3-3-7","合名会社竹内商行","3579353202493407","04/28","611092481360"
"黒田 鮎","くろだ あゆ",34,"1989年07月11日","女","O","kuroda_ayu@example.ne.jp","06-7385-5772","090-6777-3645","561-6606","大阪府箕面市瀬川1-2-8","株式会社コネクト","3560063014371680","01/28","380874304198"
"戸川 和秀","とがわ かずひで",36,"1987年03月16日","男","B","togawa316@example.org","03-4995-9944","070-7306-1184","113-0316","東京都目黒区上目黒2-1-13モンテベルデ812","","3549000063509238","01/24","523706508409"
"青木 光世","あおき こうせい",59,"1964年10月05日","男","A","aoki_105@example.co.jp","0791-81-6217","090-2818-0238","667-6782","兵庫県神戸市中央区浜辺通1-2-9クレステージ410","有限会社フジ","5587054312814145","01/24","627827818162"
"戎 美樹","えびす みき",63,"1960年03月08日","女","O","ebisu38@example.net","0156-14-9412","080-7977-9124","069-1729","北海道札幌市北区北七条西2-2-5","","5517145543801953","08/24","976105612947"
"西田 誠一","にしだ せいいち",35,"1988年11月07日","男","A","nishida_seiichi@example.net","03-6680-4770","050-9968-3150","117-7820","東京都千代田区九段北3-1-10","三和商事株式会社","3570002379939515","05/26","421368099444"
"田村 樹里","たむら じゅり",28,"1995年07月07日","その他・不明","A","tamura77@example.co.jp","03-7185-6098","080-8295-7306","183-9149","東京都葛飾区西新小岩1-2-5アルビス510","三和商事株式会社","377209544158175","05/25","645351347652"
"竹本 麻紀","たけもと まき",68,"1955年09月05日","女","AB","takemotomaki@example.ne.jp","06-1539-1116","080-3053-4778","598-1466","大阪府大阪市西区新町1-3-22ヨークベル204","","372851211495227","08/27","478524110579"
"川浦 正司","かわうら せいじ",32,"1991年04月26日","男","A","kawaura426@example.net","0163-80-3942","050-4503-0056","066-3799","北海道札幌市厚別区上野幌三条3-1-20","合資会社横田製菓商店","4637051309092670","05/24","837896273830"
"山内 佳織","やまうち かおり",32,"1991年03月20日","女","A","yamauchi_320@example.com","03-5983-6734","080-2972-8331","107-1329","東京都板橋区前野町2-3-10","株式会社トリニティ","3528688858445397","04/25","809795315334"
"岡下 洋介","おかした ようすけ",62,"1961年05月27日","男","O","yousuke_okashita@example.jp","09802-0-7470","090-2071-1402","904-8515","沖縄県那覇市おもろまち2-5-505","","5438134405483064","03/26","818075807980"
"上野 正樹","うえの まさき",64,"1959年09月21日","その他・不明","AB","ueno_masaki@example.com","0463-90-8851","070-9677-6432","244-4583","神奈川県横浜市瀬谷区阿久和東1-1-7","","379371283286928","08/27","996855988273"
"前中 洋平","まえなか ようへい",47,"1976年08月18日","男","A","youhei_maenaka@example.jp","03-1608-8868","080-5269-1534","153-8256","東京都荒川区西日暮里2-2-10","株式会社ユーズ","379649694028272","06/24","669088155677"
"古山 大輔","ふるやま だいすけ",74,"1949年09月09日","男","O","furuyama99@example.ne.jp","03-4747-1705","090-5733-2664","153-4989","東京都千代田区麹町1-4-8","","5402201905196553","05/26","887351268144"
"津坂 まどか","つさか まどか",67,"1956年08月21日","女","A","tsusaka_821@example.com","06-3570-8767","070-5762-9965","533-0756","大阪府大阪市住吉区長居4-1-8","","3580178758702696","04/25","077225626815"
"古市 明美","ふるいち あけみ",71,"1952年04月12日","女","B","akemi_furuichi@example.ne.jp","06-7106-5079","050-8838-9929","567-8540","大阪府東大阪市友井1-1-9","","4021752374123134","11/26","836345683543"
"長濱 康","ながはま やすし",34,"1989年11月20日","男","A","yasushinagahama@example.com","0493-40-4786","090-9908-7955","349-6164","埼玉県越谷市大間野町1-3-7パレ701","村井物産合同会社","4831358950966860","10/25","685029910246"
"神田 裕介","かんだ ゆうすけ",45,"1978年01月05日","男","O","kanda_15@example.ne.jp","06-5387-5898","050-4023-5710","553-4425","大阪府南河内郡河南町さくら坂3-1-22","株式会社ウイズ","4977114304847056","04/28","815715335330"
"木村 隼人","きむら はやと",26,"1997年04月28日","男","AB","kimura428@example.co.jp","03-2487-8063","050-9410-9043","107-0793","東京都墨田区業平2-1-21","有限会社福田商事","5426917823191879","10/25","492860533120"
"吉村 千裕","よしむら ちひろ",27,"1996年09月07日","女","O","yoshimura_97@example.ne.jp","03-1023-5773","080-8468-9880","166-2805","東京都新宿区高田馬場3-3-5","岡田ハイヤー合資会社","374256619162791","08/28","539223248175"
"中村 佑季","なかむら ゆうき",51,"1972年05月04日","男","O","yuukinakamura@example.co.jp","03-3347-6316","080-0795-6299","205-2247","東京都江戸川区西瑞江1-5-16ハイツ312","アクト株式会社","3556964221702268","07/28","717793284243"
"尾関 哲也","おぜき てつや",72,"1951年04月18日","男","O","ozeki418@example.com","06-0915-1290","080-4824-3345","592-9084","大阪府大阪市生野区田島1-3-6","","5446795051076285","06/25","210700745656"
"福村 俊晴","ふくむら としはる",41,"1982年03月19日","男","B","fukumura319@example.net","0949-86-4000","050-3964-7882","807-5361","福岡県福岡市博多区博多駅前3-5-8","株式会社STK","5330038116741133","07/25","883310316511"
"谷山 里奈","たにやま りな",57,"1966年02月14日","女","O","taniyama214@example.jp","03-0981-6420","050-5655-9532","172-8507","東京都新宿区下落合3-1-8","東和産業株式会社","3532653823496499","03/27","920385988763"
"重藤 剛","しげとう つよし",72,"1951年09月08日","男","A","tsuyoshi_shigeto@example.com","03-0538-0455","090-9053-8988","131-8151","東京都渋谷区代々木2-5-13","","3589587752043546","06/26","606925335989"
"成田 一真","なりた かずま",63,"1960年08月31日","男","A","narita_831@example.jp","0460-60-8752","080-3141-0015","213-4460","神奈川県相模原市中央区田名塩田1-5-21ベルアーバニティ710","","371593445052686","05/26","805214815077"
"藤田 明子","ふじた あきこ",74,"1949年12月02日","女","O","akikofujita@example.ne.jp","03-3671-5241","090-4550-7246","151-5947","東京都港区赤坂3-2-8","","5278226701855327","02/24","534975778686"
"中田 紫織","なかた しおり",41,"1982年10月14日","女","AB","shiorinakata@example.com","093-495-1708","090-0090-2541","806-6229","福岡県福岡市博多区博多駅前1-2-19","有限会社未来","3575787994025097","04/27","706784451569"
"西尾 みほ","にしお みほ",43,"1980年08月30日","女","O","miho_nishio@example.jp","0466-82-6174","070-0259-2451","227-7629","神奈川県横浜市都筑区東山田4-3-9パルムハウス813","合資会社伊藤増鋳造所","4879790703941837","11/28","526937102536"
"河本 崇","かわもと たかし",68,"1955年12月03日","男","A","kawamoto_123@example.com","0946-17-2240","050-5226-9058","804-2365","福岡県福岡市博多区東比恵4-3-6","","4449130575283672","01/24","527508860240"
"谷川 洋子","たにがわ ようこ",45,"1978年11月03日","女","B","tanigawa_113@example.jp","03-3880-8796","090-7516-2580","180-6757","東京都大田区羽田2-4-7ベルヴィ105","合資会社初美","5422352347729216","08/25","314440551909"
"西 久美子","にし くみこ",74,"1949年06月02日","女","A","nishi_62@example.org","03-1320-2603","070-4466-0746","144-6109","東京都杉並区浜田山4-1-8","","373817115151280","11/27","629524106286"
"小牧 亜希子","こまき あきこ",37,"1986年09月06日","女","O","komaki96@example.org","06-5793-0978","080-6673-0536","536-5789","大阪府守口市大宮通1-1-8","有限会社小松屋","4676562351470517","11/25","080288176535"
"西内 翔太","にしうち しょうた",56,"1967年09月30日","男","B","nishiuchishouta@example.co.jp","06-7385-8242","080-2379-2165","548-0476","大阪府大阪市平野区加美南3-2-9","三重川島合名会社","4905076633775935","04/28","869095610346"
"辰己 真理子","たつみ まりこ",29,"1994年12月15日","女","AB","mariko_tatsumi@example.ne.jp","03-4518-8043","080-8374-5642","172-9587","東京都大田区下丸子3-3-18","","5291315610805235","01/27","024764754081"
"金山 香代子","かなやま かよこ",80,"1943年07月01日","女","A","kanayama_71@example.co.jp","03-2188-8435","090-3444-5094","110-6109","東京都世田谷区深沢3-5-20","","373212647478015","09/26","023433744764"
"清水 嘉弘","しみず よしひろ",32,"1991年10月25日","男","B","yoshihiro_shimizu@example.ne.jp","06-7024-7522","080-5919-4625","556-8711","大阪府大阪市此花区西九条1-2-10","有限会社山崎","379601301250591","07/28","326250768217"
"大野 英之","おおの ひでゆき",77,"1946年07月02日","男","B","ono72@example.jp","03-5525-4093","090-2782-4126","191-9986","東京都台東区浅草3-4-20ライフフィールド408","","4998463681068397","10/25","300976783976"
"小山 真英","こやま まさひで",72,"1951年01月28日","男","A","koyamamasahide@example.co.jp","03-0325-4765","090-2012-0717","138-1335","東京都文京区本駒込2-1-8","","5429370651955667","04/26","244506706471"
"辻 賢一","つじ けんいち",28,"1995年11月11日","男","A","kenichi_tsuji@example.com","06-6196-9353","090-6516-8698","545-4501","大阪府大阪市北区西天満2-1-18","糸島サイエンスナビ合同会社","4645658782976391","11/27","538666969677"
"馬場 竜平","ばば りょうへい",59,"1964年12月26日","男","A","ryouhei_baba@example.com","06-4906-3670","050-1294-8002","590-3005","大阪府大阪市城東区成育2-4-15","名張敷物合名会社","3546643936013954","10/24","721347677239"
"前田 真美子","まえだ まみこ",28,"1995年02月11日","女","B","maedamamiko@example.ne.jp","046-976-1376","070-4417-1267","248-3548","神奈川県横浜市鶴見区鶴見中央2-4-8ライフフィールド410","合同会社ＰＭＣ","378563226494087","06/26","991416948042"
"干場 秀樹","ほしば ひでき",24,"1999年11月01日","男","A","hoshiba_111@example.net","0283-90-4458","050-0604-7264","327-2393","栃木県小山市駅南町3-1-6","","375012947917557","04/25","821359451710"
"佐藤 尚樹","さとう なおき",34,"1989年02月01日","男","O","sato_21@example.ne.jp","03-6286-3190","080-6872-1321","105-8856","東京都港区芝浦3-2-203トーカンマンション210","有限会社山口工業","5562589119014240","07/25","346808028194"
"山田 恵梨子","やまだ えりこ",60,"1963年07月27日","女","O","yamadaeriko@example.net","03-5400-0784","070-4417-1687","106-4425","東京都葛飾区東新小岩2-1-7","株式会社たちばな","3546089701981852","03/27","990864843468"
"佐藤 智子","さとう ともこ",69,"1954年02月17日","女","O","tomokosato@example.ne.jp","04-9551-6115","090-3323-5467","289-8219","千葉県四街道市千代田3-2-708ヴェルティーク809","","378423228573513","03/26","675302005106"
"福田 雄一","ふくだ ゆういち",46,"1977年11月06日","男","A","yuuichifukuda@example.org","03-2761-6925","070-8328-4946","107-8393","東京都中央区日本橋本町1-2-8","佐川合名会社","4729095136049071","09/24","888976286503"
"鈴木 博之","すずき ひろゆき",24,"1999年07月23日","男","O","suzuki_hiroyuki@example.co.jp","097-862-4282","070-3319-8980","872-8915","大分県大分市大在北1-2-16","合同会社ラポ","3565142798331105","01/24","431200643217"
"岡本 桃子","おかもと ももこ",70,"1953年12月07日","女","A","okamoto_momoko@example.ne.jp","0946-03-3130","050-7403-4456","808-2932","福岡県福岡市博多区博多駅南1-5-207","","4165050961449673","12/28","865538932710"
"脇 孝義","わき たかよし",43,"1980年02月11日","男","A","takayoshiwaki@example.co.jp","03-0677-7244","090-0456-0764","177-0829","東京都武蔵野市吉祥寺本町3-5-12","合同会社あすなろ","5339406650310634","06/27","569260333570"
"山田 直也","やまだ なおや",66,"1957年07月13日","男","O","yamadanaoya@example.jp","03-6816-5790","090-7308-0518","201-0166","東京都渋谷区神宮前3-3-301","","4439793020130715","10/25","470190378825"
"田辺 隆寛","たなべ たかひろ",56,"1967年03月12日","男","O","tanabe_takahiro@example.jp","0749-27-0105","090-1825-6084","525-3842","滋賀県栗東市手原3-1-5","有限会社サンコーポレーション","5187618363755086","01/28","927191202917"
"平田 俊介","ひらた しゅんすけ",62,"1961年07月04日","男","B","hirata74@example.co.jp","093-514-2926","080-9556-9835","805-3856","福岡県福岡市西区愛宕2-3-13","","376641925164060","01/25","812513042714"
"高山 幸恵","たかやま ゆきえ",50,"1973年10月29日","女","B","takayama_1029@example.net","03-3711-8125","050-6003-6495","173-1152","東京都練馬区早宮2-3-902","株式会社一","3542978355430667","03/25","274179925250"
"高柳 春美","たかやなぎ はるみ",46,"1977年04月17日","女","B","harumitakayanagi@example.org","0544-31-6303","050-4785-0034","416-3881","静岡県静岡市葵区古庄3-2-15","株式会社大洋","4368586587739521","04/28","211096452706"
